http://cmap.ihmc.us/download/,,bit.ly/1fMyJsQ
http://www.youtube.com/watch?v=PRbVISZ3Gc4,www.curious.org.za/natsci/grade-07/04-planet-earth-and-beyond/chapter-01.html#gr7eb1a,bit.ly/1bLAXbE
http://www.youtube.com/watch?v=R3jr0DaV8N8,www.curious.org.za/natsci/grade-07/04-planet-earth-and-beyond/chapter-01.html#gr7eb1b,bit.ly/1h8mMeM
http://www.youtube.com/watch?v=TQxeutcYP6I,www.curious.org.za/natsci/grade-07/04-planet-earth-and-beyond/chapter-01.html#gr7eb1c,bit.ly/16ORIvF
http://www.youtube.com/watch?v=EPJ_HUcg8L0,www.curious.org.za/natsci/grade-07/04-planet-earth-and-beyond/chapter-01.html#gr7eb1d,bit.ly/1dNUVRa
http://vimeo.com/32095756,www.curious.org.za/natsci/grade-07/04-planet-earth-and-beyond/chapter-01.html#gr7eb1e,bit.ly/16vU8Fr
http://www.livescience.com/30507-volcanoes-biggest-history.html,www.curious.org.za/natsci/grade-07/04-planet-earth-and-beyond/chapter-01.html#gr7eb1f,bit.ly/14OGuK3
http://www.youtube.com/watch?feature=player_embedded&v=j2oXFWKpJiA,www.curious.org.za/natsci/grade-07/04-planet-earth-and-beyond/chapter-01.html#gr7eb1g,bit.ly/1bcH8mj
http://www.youtube.com/watch?v=pvH-h7TzSsE,www.curious.org.za/natsci/grade-07/04-planet-earth-and-beyond/chapter-01.html#gr7eb1h,bit.ly/19FdvrQ
http://www.youtube.com/watch?v=pvH-h7TzSsE,,bit.ly/1h8ncSi
http://www.youtube.com/watch?v=QEa36qNo86E,www.curious.org.za/natsci/grade-07/04-planet-earth-and-beyond/chapter-01.html#gr7eb1i,bit.ly/188KxS7
http://www.iau.org/public/themes/why_is_astronomy_important/,,bit.ly/17iVgpw
http://www.nasa.gov/mission_pages/ladee/infographic/#.Ui4uOCLtnb6,www.curious.org.za/natsci/grade-07/04-planet-earth-and-beyond/chapter-02.html#gr7eb2a,bit.ly/16C6HZ0
http://www.youtube.com/watch?feature=player_embedded&v=xLu0Ak9Blog,www.curious.org.za/natsci/grade-07/04-planet-earth-and-beyond/chapter-02.html#gr7eb2b,bit.ly/185mzXG
http://www.planetary.org/blogs/guest-blogs/bill-dunford/20130429-dark-no-more-exploring-the.html,www.curious.org.za/natsci/grade-07/04-planet-earth-and-beyond/chapter-02.html#gr7eb2c,bit.ly/14L9X7S
http://www.google.com/earth/explore/products/,,bit.ly/1h519Mj
http://www.youtube.com/watch?v=OZIB_leg75Q&feature=related,www.curious.org.za/natsci/grade-07/04-planet-earth-and-beyond/chapter-02.html#gr7eb2d,bit.ly/1eJOmCj
http://www.thunderboltkids.co.za/Grade6/04-earth-and-beyond/chapter3.html#,,bit.ly/15wPXbE
http://www.youtube.com/watch?v=_201ttTSG30,www.curious.org.za/natsci/grade-07/04-planet-earth-and-beyond/chapter-02.html#gr7eb2e,bit.ly/17479mY
http://www.youtube.com/watch?v=wuhNZejHeBg,www.curious.org.za/natsci/grade-07/04-planet-earth-and-beyond/chapter-02.html#gr7eb2f,bit.ly/14LbAlV
http://earthsky.org/space/why-does-the-moon-look-red-during-a-total-lunar-eclipse,www.curious.org.za/natsci/grade-07/04-planet-earth-and-beyond/chapter-02.html#gr7eb2g,bit.ly/1bImuND
http://eclipse.gsfc.nasa.gov/lunar.html,www.curious.org.za/natsci/grade-07/04-planet-earth-and-beyond/chapter-02.html#gr7eb2h,bit.ly/1fHY9aX
http://www.sumanasinc.com/webcontent/animations/content/sidereal.html,,bit.ly/16C8LQB
http://phet.colorado.edu/sims/html/gravity-force-lab/latest/gravity-force-lab_en.html,www.curious.org.za/natsci/grade-07/04-planet-earth-and-beyond/chapter-02.html#gr7eb2j,bit.ly/1dLLZMn
http://www.youtube.com/watch?v=FHtvDA0W34I,www.curious.org.za/natsci/grade-07/04-planet-earth-and-beyond/chapter-02.html#gr7eb2k,bit.ly/15wRxKr
,,bit.ly/1fHZnmv
http://www.youtube.com/watch?v=cwZb2mqId0A,www.curious.org.za/natsci/grade-07/04-planet-earth-and-beyond/chapter-02.html#gr7eb2l,bit.ly/1eJPIwZ
http://phet.colorado.edu/en/simulation/gravity-and-orbits,www.curious.org.za/natsci/grade-07/04-planet-earth-and-beyond/chapter-02.html#gr7eb2o,bit.ly/1fZGRGi
http://www.youtube.com/watch?v=aUxFihSGNS0,www.curious.org.za/natsci/grade-07/04-planet-earth-and-beyond/chapter-02.html#gr7eb2m,bit.ly/1fHZYoi
http://www.onr.navy.mil/Focus/ocean/motion/tides1.htm,www.curious.org.za/natsci/grade-07/04-planet-earth-and-beyond/chapter-02.html#gr7eb2n,bit.ly/1fI09Qo
http://www.srh.weather.gov/srh/jetstream/ocean/images/tidewheel_w.pdf,,1.usa.gov/1bInzFg
http://www.youtube.com/watch?v=YTVps-M46tI,www.curious.org.za/natsci/grade-07/04-planet-earth-and-beyond/chapter-02.html#gr7eb2p,bit.ly/1bvHqIx
http://www.onr.navy.mil/Focus/ocean/motion/tides1.htm,www.curious.org.za/natsci/grade-07/04-planet-earth-and-beyond/chapter-02.html#gr7eb2q,bit.ly/191SxEF
http://sourceforge.net/projects/stellarium/,,bit.ly/1bHFb4d
http://explorable.com/chinese-astronomy,www.curious.org.za/natsci/grade-07/04-planet-earth-and-beyond/chapter-03.html#gr7eb3a,bit.ly/19BmxGp
http://www.youtube.com/watch?v=KlZzMhBaKmg,www.curious.org.za/natsci/grade-07/04-planet-earth-and-beyond/chapter-03.html#gr7eb3b,bit.ly/1bHFeNo
http://www.psychohistorian.org/display_article.php?id=200901111733_african_star_lore.content,www.curious.org.za/natsci/grade-07/04-planet-earth-and-beyond/chapter-03.html#gr7eb3c,bit.ly/1dL83Xl
http://www.rmg.co.uk/explore/astronomy-and-time/astronomy-facts/stars/south-african-star-myths,www.curious.org.za/natsci/grade-07/04-planet-earth-and-beyond/chapter-03.html#gr7eb3d,bit.ly/14K09Lf
http://www.unawe.org/awesome/,www.curious.org.za/natsci/grade-07/04-planet-earth-and-beyond/chapter-03.html#gr7eb3e,bit.ly/1aqKQHX
http://www.windows2universe.org/the_universe/uts/timeline.html,www.curious.org.za/natsci/grade-07/04-planet-earth-and-beyond/chapter-03.html#gr7eb3f,bit.ly/1fGv8ML
http://www.salt.ac.za/,www.curious.org.za/natsci/grade-07/04-planet-earth-and-beyond/chapter-03.html#gr7eb3g,bit.ly/18qWIui
http://www.youtube.com/watch?v=0mfXKXVWG1s&feature=player_detailpage,www.curious.org.za/natsci/grade-07/04-planet-earth-and-beyond/chapter-03.html#gr7eb3h,bit.ly/16soWXD
http://www.ska.ac.za/meerkat/,www.curious.org.za/natsci/grade-07/04-planet-earth-and-beyond/chapter-03.html#gr7eb3i,bit.ly/1eJ3JuG
http://www.nasa.gov/audience/forstudents/k-4/stories/what-is-a-black-hole-k4.html,www.curious.org.za/natsci/grade-07/04-planet-earth-and-beyond/chapter-03.html#gr7eb3j,bit.ly/15vM5HU
http://www.youtube.com/watch?v=3l4UaW_duU4,www.curious.org.za/natsci/grade-07/04-planet-earth-and-beyond/chapter-03.html#gr7eb3k,bit.ly/15Vufw5
http://www.youtube.com/watch?v=9hp7Q_dWgMU,www.curious.org.za/natsci/grade-07/04-planet-earth-and-beyond/chapter-03.html#gr7eb3l,bit.ly/16sp7Cf
http://science.discovery.com/famous-scientists-discoveries/7-famous-astronomers-you-should-know.htm,www.curious.org.za/natsci/grade-07/04-planet-earth-and-beyond/chapter-03.html#gr7eb3m,bit.ly/19HJLtb
http://vimeo.com/17836000,www.curious.org.za/natsci/grade-07/04-planet-earth-and-beyond/chapter-03.html#gr7eb3n,bit.ly/1732x0x
http://www.youtube.com/watch?feature=player_embedded&v=0rocNtnD-yI,www.curious.org.za/natsci/grade-07/04-planet-earth-and-beyond/chapter-03.html#gr7eb3o,bit.ly/1fpDg6L
http://www.youtube.com/watch?feature=player_embedded&v=MdodLNvlo4M,www.curious.org.za/natsci/grade-07/04-planet-earth-and-beyond/chapter-03.html#gr7eb3p,bit.ly/1fpDqei
http://planetquest.jpl.nasa.gov/,www.curious.org.za/natsci/grade-07/04-planet-earth-and-beyond/chapter-03.html#gr7eb3q,bit.ly/1be0oDn
http://www.planethunters.org/,www.curious.org.za/natsci/grade-07/04-planet-earth-and-beyond/chapter-03.html#gr7eb3r,bit.ly/1dL91Tt
http://www.youtube.com/watch?feature=player_embedded&v=ou3TukauccM,www.curious.org.za/natsci/grade-07/04-planet-earth-and-beyond/chapter-03.html#gr7eb3s,bit.ly/1aqMrOa
http://za.unawe.org/kids/,www.curious.org.za/natsci/grade-07/04-planet-earth-and-beyond/chapter-03.html#gr7eb3t,bit.ly/16Bs24C
http://www.youtube.com/watch?feature=player_embedded&v=oY59wZdCDo0,www.curious.org.za/natsci/grade-07/04-planet-earth-and-beyond/chapter-03.html#gr7eb3u,bit.ly/16Bs3pk
http://cmap.ihmc.us/download/,www.curious.org.za/natsci/grade-07/04-planet-earth-and-beyond/chapter-03.html#gr7eb3v,bit.ly/16spQTO
http://cmap.ihmc.us/download/,,bit.ly/1fMyJsQ
http://www.iau.org/public/themes/why_is_astronomy_important/,,bit.ly/17iVgpw
http://www.zooteach.org/.,,bit.ly/H6krWT
http://www.youtube.com/watch?feature=player_embedded&v=B1AXbpYndGc,www.curious.org.za/natsci/grade-08/04-planet-earth-and-beyond/chapter-01.html#gr8eb1a,bit.ly/1i8Bfrx
http://phet.colorado.edu/en/simulation/gravity-and-orbits,www.curious.org.za/natsci/grade-08/04-planet-earth-and-beyond/chapter-01.html#gr8eb1b,bit.ly/1a2mJCL
http://www.youtube.com/watch?feature=player_embedded&v=982cTjWx_zc,www.curious.org.za/natsci/grade-08/04-planet-earth-and-beyond/chapter-01.html#gr8eb1c,bit.ly/1h0io4b
http://www.youtube.com/watch?v=gS1dpowPlE8&list=PL22101FC9E3F4A7E5,www.curious.org.za/natsci/grade-08/04-planet-earth-and-beyond/chapter-01.html#gr8eb1d,bit.ly/1gy769C
http://www.youtube.com/watch?v=hW7DW9NIO9M,www.curious.org.za/natsci/grade-08/04-planet-earth-and-beyond/chapter-01.html#gr8eb1e,bit.ly/16mVFNI
http://sohowww.nascom.nasa.gov/data/realtime-images.html,,1.usa.gov/1a2n1cE
http://www.youtube.com/watch?v=Ux33-5k8cjg,www.curious.org.za/natsci/grade-08/04-planet-earth-and-beyond/chapter-01.html#gr8eb1f,bit.ly/1azFmsM
http://www.youtube.com/watch?v=ha-9x6lVAE4#t=16,www.curious.org.za/natsci/grade-08/04-planet-earth-and-beyond/chapter-01.html#gr8eb1g,bit.ly/19nCfGu
http://www.youtube.com/watch?v=3Ghaf2du-XM&feature=player_embedded,www.curious.org.za/natsci/grade-08/04-planet-earth-and-beyond/chapter-01.html#gr8eb1h,bit.ly/16qmriQ
http://sohowww.nascom.nasa.gov/classroom/docs/Spotexerweb.pdf,,1.usa.gov/16mW96j
http://sohowww.nascom.nasa.gov/home.html,www.curious.org.za/natsci/grade-08/04-planet-earth-and-beyond/chapter-01.html#gr8eb1i,bit.ly/1fQhd8u
http://sohowww.nascom.nasa.gov/sunspots/,www.curious.org.za/natsci/grade-08/04-planet-earth-and-beyond/chapter-01.html#gr8eb1j,bit.ly/19ZoU6c
http://eyes.nasa.gov/,www.curious.org.za/natsci/grade-08/04-planet-earth-and-beyond/chapter-01.html#gr8eb1k,bit.ly/1c9rpbM
http://space.jpl.nasa.gov/,www.curious.org.za/natsci/grade-08/04-planet-earth-and-beyond/chapter-01.html#gr8eb1l,bit.ly/1gyasJR
http://www.youtube.com/watch?v=qnzquEOMLGU&feature=em-subs_digest&list=TL2IZ5_rtaxEQ,www.curious.org.za/natsci/grade-08/04-planet-earth-and-beyond/chapter-01.html#gr8eb1m,bit.ly/180O2Xl
http://phet.colorado.edu/en/simulation/my-solar-system,www.curious.org.za/natsci/grade-08/04-planet-earth-and-beyond/chapter-01.html#gr8eb1n,bit.ly/H6mWsc
http://solarsystem.nasa.gov/planets/compchart.cfm?Object1=Earth&Object2=Mars,www.curious.org.za/natsci/grade-08/04-planet-earth-and-beyond/chapter-01.html#gr8eb1o,bit.ly/16qofIJ
http://mars.nasa.gov/msl/,www.curious.org.za/natsci/grade-08/04-planet-earth-and-beyond/chapter-01.html#gr8eb1p,bit.ly/18Cv79E
http://nssdc.gsfc.nasa.gov/planetary/factsheet/,,1.usa.gov/1cO92WC
http://solarsystem.nasa.gov/index.cfm,www.curious.org.za/natsci/grade-08/04-planet-earth-and-beyond/chapter-01.html#gr8eb1q,bit.ly/1azHL6M
http://solarsystem.nasa.gov/kids/index.cfm?Filename=homework&Target=SolarSys#,www.curious.org.za/natsci/grade-08/04-planet-earth-and-beyond/chapter-01.html#gr8eb1r,bit.ly/H6nbDD
http://www.youtube.com/watch?v=p86BPM1GV8M,www.curious.org.za/natsci/grade-08/04-planet-earth-and-beyond/chapter-01.html#gr8eb1s,bit.ly/1h0msBx
http://zenpencils.com/comic/100-carl-sagan-pale-blue-dot/,www.curious.org.za/natsci/grade-08/04-planet-earth-and-beyond/chapter-01.html#gr8eb1t,bit.ly/1a7FXoJ
http://www.youtube.com/watch?v=8Alq08Poqb0,www.curious.org.za/natsci/grade-08/04-planet-earth-and-beyond/chapter-01.html#gr8eb1u,bit.ly/1b7mAKH
http://www.youtube.com/watch?v=GO9VOkSXYcs,www.curious.org.za/natsci/grade-08/04-planet-earth-and-beyond/chapter-01.html#gr8eb1v,bit.ly/HasUIX
http://www.youtube.com/watch?v=XvTSB5B0d0w,www.curious.org.za/natsci/grade-08/04-planet-earth-and-beyond/chapter-01.html#gr8eb1w,bit.ly/15XvvyG
http://www.youtube.com/watch?v=GwidzVHvbGI,www.curious.org.za/natsci/grade-08/04-planet-earth-and-beyond/chapter-01.html#gr8eb1x,bit.ly/180Pmte
http://neemo.zooniverse.org/,www.curious.org.za/natsci/grade-08/04-planet-earth-and-beyond/chapter-01.html#gr8eb1y,bit.ly/15XvI4P
http://solarsystem.nasa.gov/people/profile.cfm?Code=KuiperG,www.curious.org.za/natsci/grade-08/04-planet-earth-and-beyond/chapter-01.html#gr8eb1z,bit.ly/16mZX7C
http://www.youtube.com/watch?v=BKoRt-6pjAE,www.curious.org.za/natsci/grade-08/04-planet-earth-and-beyond/chapter-01.html#gr8eb1aa,bit.ly/1fQiWLd
http://solarsystem.nasa.gov/planets/profile.cfm?Object=Dwarf,www.curious.org.za/natsci/grade-08/04-planet-earth-and-beyond/chapter-01.html#gr8eb1ab,bit.ly/H6nJtd
http://mg.co.za/article/2013-10-08-sa-researchers-find-first-evidence-of-comet-hitting-earth,www.curious.org.za/natsci/grade-08/04-planet-earth-and-beyond/chapter-01.html#gr8eb1ac,bit.ly/1c9sWhX
http://solarsystem.nasa.gov/cometinteractive/index.html,www.curious.org.za/natsci/grade-08/04-planet-earth-and-beyond/chapter-01.html#gr8eb1ad,bit.ly/GXWfFL
http://www.youtube.com/watch?v=C8zV1xiGqf4,www.curious.org.za/natsci/grade-08/04-planet-earth-and-beyond/chapter-01.html#gr8eb1ae,bit.ly/16n0y9k
http://solarsystem.nasa.gov/news/display.cfm?News_ID=44309,,1.usa.gov/15Xwsa1
http://solarsystem.nasa.gov/smallworlds/cometison.cfm,,1.usa.gov/174cdbK
http://www.planethunters.org/,www.curious.org.za/natsci/grade-08/04-planet-earth-and-beyond/chapter-01.html#gr8eb1af,bit.ly/1bPfwDu
http://www.youtube.com/watch?v=RoYyO8_MHpQ,www.curious.org.za/natsci/grade-08/04-planet-earth-and-beyond/chapter-01.html#gr8eb1ag,bit.ly/15XwDT1
http://www.youtube.com/watch?v=MdodLNvlo4M,www.curious.org.za/natsci/grade-08/04-planet-earth-and-beyond/chapter-01.html#gr8eb1ah,bit.ly/HdBXYI
http://www.youtube.com/watch?feature=player_embedded&v=rDYqlTsZfgw,www.curious.org.za/natsci/grade-08/04-planet-earth-and-beyond/chapter-01.html#gr8eb1ai,bit.ly/1c9toNa
http://solarsystem.nasa.gov/people/profile.cfm?Code=HarveyS,www.curious.org.za/natsci/grade-08/04-planet-earth-and-beyond/chapter-01.html#gr8eb1aj,bit.ly/18CxYiZ
https://www.youtube.com/watch?v=nje5VEauHqQ#t=65,www.curious.org.za/natsci/grade-08/04-planet-earth-and-beyond/chapter-01.html#gr8eb1ak,bit.ly/1azPLVm
http://scaleofUniverse.com/,,bit.ly/1iaQkZV
http://www.youtube.com/watch?v=Zg_iO34_65k,www.curious.org.za/natsci/grade-08/04-planet-earth-and-beyond/chapter-02.html#gr8eb2a,bit.ly/19Ylkal
http://solarsystem.nasa.gov/missions/profile.cfm?Sort=Target&Target=Beyond&Era=Present,www.curious.org.za/natsci/grade-08/04-planet-earth-and-beyond/chapter-02.html#gr8eb2b,bit.ly/1iaQrog
http://www.youtube.com/watch?v=gxJ4M7tyLRE,www.curious.org.za/natsci/grade-08/04-planet-earth-and-beyond/chapter-02.html#gr8eb2c,bit.ly/HcrKgf
http://www.youtube.com/watch?v=LIAZWb9_si4,www.curious.org.za/natsci/grade-08/04-planet-earth-and-beyond/chapter-02.html#gr8eb2d,bit.ly/1cbfjil
http://science.nasa.gov/media/medialibrary/2010/03/31/earth2localgroup_sm.mov,www.curious.org.za/natsci/grade-08/04-planet-earth-and-beyond/chapter-02.html#gr8eb2e,bit.ly/1iaQDnt
http://www.youtube.com/watch?v=_OwGZR-EltI&list=PLED25F943F8D6081C,www.curious.org.za/natsci/grade-08/04-planet-earth-and-beyond/chapter-02.html#gr8eb2f,bit.ly/185Yjlc
http://www.youtube.com/watch?v=lR4tJr7sMPM,www.curious.org.za/natsci/grade-08/04-planet-earth-and-beyond/chapter-02.html#gr8eb2g,bit.ly/H7MoO0
http://www.youtube.com/watch?v=Wp20Sc8qPeo,www.curious.org.za/natsci/grade-08/04-planet-earth-and-beyond/chapter-02.html#gr8eb2h,bit.ly/1h4IYcE
http://www.youtube.com/watch?v=Rj1sDWjvgjM,www.curious.org.za/natsci/grade-08/04-planet-earth-and-beyond/chapter-02.html#gr8eb2i,bit.ly/GZCzBy
http://scaleofuniverse.com/,www.curious.org.za/natsci/grade-08/04-planet-earth-and-beyond/chapter-02.html#gr8eb2j,bit.ly/1bavNSv
http://www.youtube.com/watch?v=nrTsvn9usVQ&list=PLED25F943F8D6081C,www.curious.org.za/natsci/grade-08/04-planet-earth-and-beyond/chapter-02.html#gr8eb2k,bit.ly/1eFW3XI
http://www.youtube.com/watch?v=5NU2t5zlxQQ&list=PLED25F943F8D6081C,www.curious.org.za/natsci/grade-08/04-planet-earth-and-beyond/chapter-02.html#gr8eb2l,bit.ly/16sqdIB
http://www.youtube.com/watch?v=UE8yHySiJ4A,www.curious.org.za/natsci/grade-08/04-planet-earth-and-beyond/chapter-02.html#gr8eb2m,bit.ly/1ddXJcR
http://www.galaxyzoo.org/,www.curious.org.za/natsci/grade-08/04-planet-earth-and-beyond/chapter-02.html#gr8eb2n,bit.ly/1ddXQVQ
http://www.zooteach.org/.,,bit.ly/H6krWT
http://daily.zooniverse.org/2013/10/16/a-cheetah-made-from-galaxies/,www.curious.org.za/natsci/grade-08/04-planet-earth-and-beyond/chapter-02.html#gr8eb2o,bit.ly/177itzq
http://www.youtube.com/watch?v=Af0_vWDfJwQ,www.curious.org.za/natsci/grade-08/04-planet-earth-and-beyond/chapter-02.html#gr8eb2p,bit.ly/1ab5oFO
http://www.youtube.com/watch?v=bENTuGmw0Sg,www.curious.org.za/natsci/grade-08/04-planet-earth-and-beyond/chapter-02.html#gr8eb2q,bit.ly/HfeA0O
http://www.youtube.com/watch?v=AC7yFDb1zOA,www.curious.org.za/natsci/grade-08/04-planet-earth-and-beyond/chapter-02.html#gr8eb2r,bit.ly/1ddYnaj
http://www.youtube.com/watch?v=oTmJgUJcDyc,www.curious.org.za/natsci/grade-08/04-planet-earth-and-beyond/chapter-02.html#gr8eb2s,bit.ly/1h4JJlM
http://www.youtube.com/watch?v=th_9ZR2I0_w,www.curious.org.za/natsci/grade-08/04-planet-earth-and-beyond/chapter-02.html#gr8eb2t,bit.ly/1ddYyTd
http://www.unawe.org/kids/,www.curious.org.za/natsci/grade-08/04-planet-earth-and-beyond/chapter-02.html#gr8eb2u,bit.ly/1fSxJ84
http://www.youtube.com/watch?v=3cU3CXg_mFw,www.curious.org.za/natsci/grade-08/04-planet-earth-and-beyond/chapter-02.html#gr8eb3a,bit.ly/16pYL3u
www.heavens-above.com,,bit.ly/17e1jm3
http://www.heavens-above.com/skychart.aspx?SL=1&SN=1&lat=-29.13333&lng=26.2&loc=Bloemfontein&alt=1398&tz=UCTm2,,bit.ly/17GyAAH
http://www.heavens-above.com/skychart.aspx?SL=1&SN=1&lat=-33.91667&lng=18.41667&loc=Cape+Town&alt=268&tz=UCTm2,,bit.ly/1bSSCeq
http://www.heavens-above.com/skychart.aspx?SL=1&SN=1&lat=-29.85&lng=31.01667&loc=Durban&alt=24&tz=UCTm2,,bit.ly/17dZZ2m
http://www.heavens-above.com/skychart.aspx?SL=1&SN=1&lat=-26.2&lng=28.08333&loc=Johannesburg&alt=1766&tz=UCTm2,,bit.ly/1bb9mN0
http://sourceforge.net/projects/stellarium/,www.curious.org.za/natsci/grade-08/04-planet-earth-and-beyond/chapter-03.html#gr8eb3b,bit.ly/1aE2lmj
http://www.psychohistorian.org/display_article.php?id=200901111733_african_star_lore.content,www.curious.org.za/natsci/grade-08/04-planet-earth-and-beyond/chapter-03.html#gr8eb3c,bit.ly/H022dZ
http://www.rmg.co.uk/explore/astronomy-and-time/astronomy-facts/stars/south-african-star-myths,www.curious.org.za/natsci/grade-08/04-planet-earth-and-beyond/chapter-03.html#gr8eb3d,bit.ly/1cbF7uu
http://www.beforebc.de/AfricanaResources/AfricanaResources/AfricanStarlore.html,www.curious.org.za/natsci/grade-08/04-planet-earth-and-beyond/chapter-03.html#gr8eb3e,bit.ly/1abUL5z
http://www.youtube.com/watch?v=fmTioY_b-sY,www.curious.org.za/natsci/grade-08/04-planet-earth-and-beyond/chapter-03.html#gr8eb3f,bit.ly/1ibkZ9o
http://www.youtube.com/watch?v=pV58YptFTK0,www.curious.org.za/natsci/grade-08/04-planet-earth-and-beyond/chapter-03.html#gr8eb3g,bit.ly/1h5dy5M
http://www.youtube.com/watch?v=m9QcQGoOjbI,www.curious.org.za/natsci/grade-08/04-planet-earth-and-beyond/chapter-03.html#gr8eb3h,bit.ly/1abV9B9
http://www.youtube.com/watch?v=msIAdyljrwI,www.curious.org.za/natsci/grade-08/04-planet-earth-and-beyond/chapter-03.html#gr8eb3i,bit.ly/19YIAVH
http://www.youtube.com/watch?v=GziHcbBhSHo,www.curious.org.za/natsci/grade-08/04-planet-earth-and-beyond/chapter-03.html#gr8eb3j,bit.ly/1bSTS1d
http://www.salt.ac.za/,www.curious.org.za/natsci/grade-08/04-planet-earth-and-beyond/chapter-03.html#gr8eb3k,bit.ly/1fSW6CH
http://www.youtube.com/watch?v=PkQbkuansGg,www.curious.org.za/natsci/grade-08/04-planet-earth-and-beyond/chapter-03.html#gr8eb3l,bit.ly/17e0xFy
http://www.youtube.com/watch?v=cXOzAcWS8yY,www.curious.org.za/natsci/grade-08/04-planet-earth-and-beyond/chapter-03.html#gr8eb3m,bit.ly/1a4LbTW
http://www.youtube.com/watch?v=98UjhtrXXAU,www.curious.org.za/natsci/grade-08/04-planet-earth-and-beyond/chapter-03.html#gr8eb3n,bit.ly/17GzMnB
http://www.youtube.com/watch?v=0mfXKXVWG1s&feature=player_detailpage,www.curious.org.za/natsci/grade-08/04-planet-earth-and-beyond/chapter-03.html#gr8eb3o,bit.ly/1aE3b2A
http://www.ska.ac.za/,www.curious.org.za/natsci/grade-08/04-planet-earth-and-beyond/chapter-03.html#gr8eb3p,bit.ly/H02OHY
http://www.unawe.org/awesome/,www.curious.org.za/natsci/grade-08/04-planet-earth-and-beyond/chapter-03.html#gr8eb3q,bit.ly/1gBwrQ8
http://www.howmanypeopleareinspacerightnow.com/,www.curious.org.za/natsci/grade-08/04-planet-earth-and-beyond/chapter-03.html#gr8eb3r,bit.ly/18Gzr83
http://www.youtube.com/watch?v=--X9zfgZtS0,www.curious.org.za/natsci/grade-08/04-planet-earth-and-beyond/chapter-03.html#gr8eb3s,bit.ly/1873WQd
http://www.youtube.com/watch?v=U-VtdUqK4Eg,www.curious.org.za/natsci/grade-08/04-planet-earth-and-beyond/chapter-03.html#gr8eb3t,bit.ly/1abWIiG
http://www.youtube.com/watch?v=z_ISPDTpJrk,www.curious.org.za/natsci/grade-08/04-planet-earth-and-beyond/chapter-03.html#gr8eb3u,bit.ly/1deIJLS
http://www.youtube.com/watch?v=gHM88WcMq8M,www.curious.org.za/natsci/grade-08/04-planet-earth-and-beyond/chapter-03.html#gr8eb3v,bit.ly/18GzSyZ
http://cmap.ihmc.us/download/,www.curious.org.za/natsci/grade-08/04-planet-earth-and-beyond/chapter-03.html#gr8eb3w,bit.ly/1fSWS2s
www.heavens-above.com,www.curious.org.za/natsci/grade-08/04-planet-earth-and-beyond/chapter-03.html#gr8eb3x,bit.ly/1a4N1nU
http://www.youtube.com/watch?v=QMRamEFAQU4,www.curious.org.za/natsci/grade-08/04-planet-earth-and-beyond/chapter-03.html#gr8eb3y,bit.ly/1h5hUd9
http://cmap.ihmc.us/download/,,bit.ly/1fMyJsQ
http://www.zooteach.org/.,,bit.ly/H6krWT
http://www.youtube.com/watch?v=PRbVISZ3Gc4&list=TLl8GEaZ6GxYmtTNUBHpHq88_K97qzmcey,www.curious.org.za/natsci/grade-09/04-planet-earth-and-beyond/chapter-01.html#gr9eb1a,bit.ly/1dhCQLy
http://b2science.org/,www.curious.org.za/natsci/grade-09/04-planet-earth-and-beyond/chapter-01.html#gr9eb1b,bit.ly/1eZtvZj
http://www.youtube.com/watch?v=a7B39MLVeIc,www.curious.org.za/natsci/grade-09/04-planet-earth-and-beyond/chapter-01.html#gr9eb1c,bit.ly/1eZtG70
http://b2science.org/,,bit.ly/1eZtvZj
http://www.youtube.com/watch?v=vWAA-SrrFUQ&list=TLwxvhESyGJIQgduWp5hjU7uVfBjYdRNe-,www.curious.org.za/natsci/grade-09/04-planet-earth-and-beyond/chapter-01.html#gr9eb1d,bit.ly/Hr5XR9
http://www.youtube.com/watch?v=Y3OWgb0Bv-A&list=TLwxvhESyGJIQgduWp5hjU7uVfBjYdRNe-,www.curious.org.za/natsci/grade-09/04-planet-earth-and-beyond/chapter-01.html#gr9eb1e,bit.ly/1a9TWX1
http://www.youtube.com/watch?v=WBRXJvDk4dQ,www.curious.org.za/natsci/grade-09/04-planet-earth-and-beyond/chapter-01.html#gr9eb1f,bit.ly/16GgYEL
http://video.about.com/geography/The-Four-Earth-Spheres.htm,www.curious.org.za/natsci/grade-09/04-planet-earth-and-beyond/chapter-01.html#gr9eb1g,bit.ly/1cmwBcn
http://video.about.com/geography/The-Four-Earth-Spheres.htm,,abt.cm/16Ghu5N
http://eyes.jpl.nasa.gov/earth/index.html,www.curious.org.za/natsci/grade-09/04-planet-earth-and-beyond/chapter-01.html#gr9eb1h,bit.ly/17TuG7u
http://cmap.ihmc.us/download/,www.curious.org.za/natsci/grade-09/04-planet-earth-and-beyond/chapter-01.html#gr9eb1i,bit.ly/1aR0oTN
http://www.youtube.com/watch?v=ZgD8hrI67fE,www.curious.org.za/natsci/grade-09/04-planet-earth-and-beyond/chapter-02.html#gr9eb2a,bit.ly/1cmrQzw
http://www.youtube.com/watch?v=jIWhzYq16Ro&list=TLwxvhESyGJIQgduWp5hjU7uVfBjYdRNe-,www.curious.org.za/natsci/grade-09/04-planet-earth-and-beyond/chapter-02.html#gr9eb2b,bit.ly/1ioEgnP
https://en.wikipedia.org/wiki/File:Earth_poster.svg,,bit.ly/1a9QXOn
http://www.youtube.com/watch?v=NAHY6965o08,www.curious.org.za/natsci/grade-09/04-planet-earth-and-beyond/chapter-02.html#gr9eb2c,bit.ly/HlXDT7
http://science.howstuffworks.com/environmental/29266-100-greatest-discoveries-the-center-of-the-earth-video.htm,www.curious.org.za/natsci/grade-09/04-planet-earth-and-beyond/chapter-02.html#gr9eb2d,bit.ly/1ioEuLI
http://www.youtube.com/watch?v=KaLmdRBvGG4,www.curious.org.za/natsci/grade-09/04-planet-earth-and-beyond/chapter-02.html#gr9eb2e,bit.ly/Hr23rj
http://www.youtube.com/watch?v=pm6cCg_Do6k,www.curious.org.za/natsci/grade-09/04-planet-earth-and-beyond/chapter-02.html#gr9eb2f,bit.ly/1cms6hS
http://www.classzone.com/books/earth_science/terc/content/investigations/es0602/es0602page02.cfm,www.curious.org.za/natsci/grade-09/04-planet-earth-and-beyond/chapter-02.html#gr9eb2g,bit.ly/18uplD6
http://www.youtube.com/watch?v=pg_jKJFbA2A,www.curious.org.za/natsci/grade-09/04-planet-earth-and-beyond/chapter-02.html#gr9eb2h,bit.ly/19MJOGT
http://geology.com/rocks/,www.curious.org.za/natsci/grade-09/04-planet-earth-and-beyond/chapter-02.html#gr9eb2i,bit.ly/17nxyiC
http://www.youtube.com/watch?v=99rGsXc9yWY,www.curious.org.za/natsci/grade-09/04-planet-earth-and-beyond/chapter-02.html#gr9eb2j,bit.ly/1ak9RIb
http://www.youtube.com/watch?v=04a_32NuYqs,www.curious.org.za/natsci/grade-09/04-planet-earth-and-beyond/chapter-02.html#gr9eb2k,bit.ly/1atOi4l
http://www.youtube.com/watch?v=6Z4as_imJfM,www.curious.org.za/natsci/grade-09/04-planet-earth-and-beyond/chapter-02.html#gr9eb2l,bit.ly/1eZqDf2
http://www.youtube.com/watch?v=VuQrUwFn6bU,www.curious.org.za/natsci/grade-09/04-planet-earth-and-beyond/chapter-02.html#gr9eb2m,bit.ly/1hmLsDa
http://www.youtube.com/watch?v=QScagfQC5-w,www.curious.org.za/natsci/grade-09/04-planet-earth-and-beyond/chapter-02.html#gr9eb2n,bit.ly/HbQULb
http://www.youtube.com/watch?v=ySFpJ-clnzU,www.curious.org.za/natsci/grade-09/04-planet-earth-and-beyond/chapter-02.html#gr9eb2o,bit.ly/1ioFjEn
http://www.classzone.com/books/earth_science/terc/content/investigations/es0610/es0610page02.cfm,www.curious.org.za/natsci/grade-09/04-planet-earth-and-beyond/chapter-02.html#gr9eb2p,bit.ly/16gyySK
http://www.youtube.com/watch?v=tQUe9C40NEE,www.curious.org.za/natsci/grade-09/04-planet-earth-and-beyond/chapter-02.html#gr9eb2q,bit.ly/17TqDYJ
http://www.youtube.com/watch?v=8a7p1NFn64s,www.curious.org.za/natsci/grade-09/04-planet-earth-and-beyond/chapter-02.html#gr9eb2r,bit.ly/1ioFFLd
http://www.rsc.org/education/teachers/resources/jesei/minerals/students.htm,,rsc.li/17rVgrL
http://www.palabora.com,www.curious.org.za/natsci/grade-09/04-planet-earth-and-beyond/chapter-03.html#gr9eb3a,bit.ly/1gXdBD3
http://www.youtube.com/watch?v=kbUV7i3KEM,www.curious.org.za/natsci/grade-09/04-planet-earth-and-beyond/chapter-03.html#gr9eb3b,bit.ly/17V4HfU
http://www.youtube.com/watch?v=649dZPCTD30,www.curious.org.za/natsci/grade-09/04-planet-earth-and-beyond/chapter-03.html#gr9eb3c,bit.ly/16GcyTI
http://www.youtube.com/watch?v=Rkh8S5FLg94,www.curious.org.za/natsci/grade-09/04-planet-earth-and-beyond/chapter-03.html#gr9eb3d,bit.ly/1f172ev
http://www.youtube.com/watch?v=Tpb9PxOYH7I,www.curious.org.za/natsci/grade-09/04-planet-earth-and-beyond/chapter-03.html#gr9eb3e,bit.ly/1am13lf
http://youtu.be/wzAj4VM1G5s,www.curious.org.za/natsci/grade-09/04-planet-earth-and-beyond/chapter-03.html#gr9eb3f,bit.ly/19OFkj9
http://www.youtube.com/watch?v=RmaGh4g1JtY&list=PL1975119DE800E801,www.curious.org.za/natsci/grade-09/04-planet-earth-and-beyond/chapter-03.html#gr9eb3g,bit.ly/1g8EKBR
http://www.youtube.com/watch?v=EmJ1RwGPkM0,www.curious.org.za/natsci/grade-09/04-planet-earth-and-beyond/chapter-03.html#gr9eb3h,bit.ly/16HWGLb
http://www.youtube.com/watch?v=gHZznZngbaY,www.curious.org.za/natsci/grade-09/04-planet-earth-and-beyond/chapter-03.html#gr9eb3i,bit.ly/1ablJX7
http://www.youtube.com/watch?v=l8AtgArVZfI,www.curious.org.za/natsci/grade-09/04-planet-earth-and-beyond/chapter-03.html#gr9eb3j,bit.ly/1dky3sR
http://www.youtube.com/watch?v=UmL968tIj9U,www.curious.org.za/natsci/grade-09/04-planet-earth-and-beyond/chapter-03.html#gr9eb3k,bit.ly/16imQH8
http://www.youtube.com/watch?v=rfCxdggXd28&feature=youtu.be,www.curious.org.za/natsci/grade-09/04-planet-earth-and-beyond/chapter-03.html#gr9eb3l,bit.ly/16HX0cI
http://science.howstuffworks.com/blast-furnace-videos-playlist.htm,www.curious.org.za/natsci/grade-09/04-planet-earth-and-beyond/chapter-03.html#gr9eb3m,bit.ly/1cnWys7
http://www.youtube.com/watch?v=1RavnNnv5ns,www.curious.org.za/natsci/grade-09/04-planet-earth-and-beyond/chapter-03.html#gr9eb3n,bit.ly/1am1oV2
http://www.youtube.com/watch?v=kVBnLMkfgyc,www.curious.org.za/natsci/grade-09/04-planet-earth-and-beyond/chapter-03.html#gr9eb3o,bit.ly/HswbTe
http://www.youtube.com/watch?v=ohrrE1rjzLo,www.curious.org.za/natsci/grade-09/04-planet-earth-and-beyond/chapter-03.html#gr9eb3p,bit.ly/1aQ8cFk
http://www.youtube.com/watch?v=1YAOT92wuD8 ,www.curious.org.za/natsci/grade-09/04-planet-earth-and-beyond/chapter-04.html#gr9eb4a,bit.ly/1g7rDki
http://www.youtube.com/watch?v=3CerJbZ-dm0,www.curious.org.za/natsci/grade-09/04-planet-earth-and-beyond/chapter-04.html#gr9eb4b,bit.ly/16ELMLu
http://www.youtube.com/watch?v=e7ZqMTBwFVs&list=TLDY7JvBqHf5aXbLlo_1N3GGiP1NJDRBCe ,www.curious.org.za/natsci/grade-09/04-planet-earth-and-beyond/chapter-04.html#gr9eb4c,bit.ly/17TY3GR
http://www.youtube.com/watch?v=_qae3yaljhY ,www.curious.org.za/natsci/grade-09/04-planet-earth-and-beyond/chapter-04.html#gr9eb4d,bit.ly/1aBLpjN
http://www.youtube.com/watch?v=oGIi7XJjfdI,www.curious.org.za/natsci/grade-09/04-planet-earth-and-beyond/chapter-04.html#gr9eb4e,bit.ly/1dEz4yt
http://www.ozonedepletion.info/education/ozone.html,,bit.ly/17oaroh
http://www.youtube.com/watch?v=XLY8m-dXOxo,www.curious.org.za/natsci/grade-09/04-planet-earth-and-beyond/chapter-04.html#gr9eb4f,bit.ly/1dEzkgQ
http://www.youtube.com/watch?v=Ncc_ZZ9iCyk,www.curious.org.za/natsci/grade-09/04-planet-earth-and-beyond/chapter-04.html#gr9eb4g,bit.ly/1cmYvVB
http://www.youtube.com/watch?v=VHH8cXM4_n4 ,www.curious.org.za/natsci/grade-09/04-planet-earth-and-beyond/chapter-04.html#gr9eb4h,bit.ly/1hnulRR
http://www.youtube.com/watch?v=UqrA007yZWQ,www.curious.org.za/natsci/grade-09/04-planet-earth-and-beyond/chapter-04.html#gr9eb4i,bit.ly/1cmYDUV
http://spotthestation.nasa.gov/sightings/index.cfm?country=South_Africa&region=South_Africa_None#.UhyQGZIwdXF,www.curious.org.za/natsci/grade-09/04-planet-earth-and-beyond/chapter-04.html#gr9eb4j,bit.ly/1dEzKDS
http://www.youtube.com/watch?v=WaikvaAw2nk,www.curious.org.za/natsci/grade-09/04-planet-earth-and-beyond/chapter-04.html#gr9eb4k,bit.ly/1hnuzZh
http://phet.colorado.edu/en/simulation/greenhouse ,www.curious.org.za/natsci/grade-09/04-planet-earth-and-beyond/chapter-04.html#gr9eb4l,bit.ly/192V4iT
http://www.youtube.com/watch?v=Rt6gLt6G5Kc,www.curious.org.za/natsci/grade-09/04-planet-earth-and-beyond/chapter-04.html#gr9eb4m,bit.ly/Hcf0pe
http://www.youtube.com/watch?v=kwtt51gvaJQ,www.curious.org.za/natsci/grade-09/04-planet-earth-and-beyond/chapter-04.html#gr9eb4n,bit.ly/1f02zss
http://www.youtube.com/watch?v=Ge0jhYDcazY,www.curious.org.za/natsci/grade-09/04-planet-earth-and-beyond/chapter-04.html#gr9eb4o,bit.ly/16EMVTl
http://www.youtube.com/watch?v=M2Jxs7lR8ZI,www.curious.org.za/natsci/grade-09/04-planet-earth-and-beyond/chapter-04.html#gr9eb4p,bit.ly/1diB3pE
http://www.youtube.com/watch?v=FlUes_NPa6M ,www.curious.org.za/natsci/grade-09/04-planet-earth-and-beyond/chapter-04.html#gr9eb4q,bit.ly/1bvXw01
http://www.youtube.com/watch?v=0F3QPY83NZQ,www.curious.org.za/natsci/grade-09/04-planet-earth-and-beyond/chapter-04.html#gr9eb4r,bit.ly/18vq1YE
http://www.youtube.com/watch?v=Kr02VF3ralc ,www.curious.org.za/natsci/grade-09/04-planet-earth-and-beyond/chapter-04.html#gr9eb4s,bit.ly/1aPc7Cb
http://www.youtube.com/watch?v=i5D8e71c75U,www.curious.org.za/natsci/grade-09/04-planet-earth-and-beyond/chapter-04.html#gr9eb4t,bit.ly/1diBqjT
http://www.youtube.com/watch?v=ipe3NN1yPzM,,bit.ly/16iqmkW
http://www.iau.org/public/themes/why_is_astronomy_important/,,bit.ly/17iVgpw
http://www.youtube.com/watch?v=K0qzpi4bWvc,www.curious.org.za/natsci/grade-09/04-planet-earth-and-beyond/chapter-05.html#gr9eb5r,bit.ly/17Vfg2H
http://www.youtube.com/watch?v=Rj1sDWjvgjM,www.curious.org.za/natsci/grade-09/04-planet-earth-and-beyond/chapter-05.html#gr9eb5a,bit.ly/HpYFOh
http://www.youtube.com/watch?v=wnb20chqbxM,www.curious.org.za/natsci/grade-09/04-planet-earth-and-beyond/chapter-05.html#gr9eb5b,bit.ly/1dkERqb
http://www.youtube.com/watch?v=S_nCIJnZDW8,www.curious.org.za/natsci/grade-09/04-planet-earth-and-beyond/chapter-05.html#gr9eb5c,bit.ly/18xqZDV
http://hubblesite.org/gallery/behind_the_pictures/wacky_shape/constructing.php,,bit.ly/Hszbz3
http://www.unawe.org/awesome/,www.curious.org.za/natsci/grade-09/04-planet-earth-and-beyond/chapter-05.html#gr9eb5d,bit.ly/1axh441
http://www.youtube.com/watch?v=4s7vyDLgk3M,www.curious.org.za/natsci/grade-09/04-planet-earth-and-beyond/chapter-05.html#gr9eb5e,bit.ly/16GkRyE
http://www.youtube.com/watch?v=Bcz4vGvoxQA,www.curious.org.za/natsci/grade-09/04-planet-earth-and-beyond/chapter-05.html#gr9eb5f,bit.ly/1958N96
http://www.youtube.com/watch?v=7kw1qRl3lKI,www.curious.org.za/natsci/grade-09/04-planet-earth-and-beyond/chapter-05.html#gr9eb5g,bit.ly/1dH5yIp
http://www.youtube.com/watch?v=qJpypRYbYnE,www.curious.org.za/natsci/grade-09/04-planet-earth-and-beyond/chapter-05.html#gr9eb5h,bit.ly/1aDCvCz
http://htwins.net/scale2/,www.curious.org.za/natsci/grade-09/04-planet-earth-and-beyond/chapter-05.html#gr9eb5i,bit.ly/1axmmwu
http://www.unawe.org/kids/,www.curious.org.za/natsci/grade-09/04-planet-earth-and-beyond/chapter-05.html#gr9eb5j,bit.ly/1dkMBbU
http://www.youtube.com/watch?v=mjyxTTJWOAE,www.curious.org.za/natsci/grade-09/04-planet-earth-and-beyond/chapter-05.html#gr9eb5k,bit.ly/1iqMpYO
http://www.youtube.com/watch?v=1D2cwiZld0o,www.curious.org.za/natsci/grade-09/04-planet-earth-and-beyond/chapter-05.html#gr9eb5l,bit.ly/HsBYrR
http://www.youtube.com/watch?v=iauIP8swfBY,www.curious.org.za/natsci/grade-09/04-planet-earth-and-beyond/chapter-05.html#gr9eb5m,bit.ly/16iwJ7U
http://www.youtube.com/watch?v=WTKA2biEVgg,www.curious.org.za/natsci/grade-09/04-planet-earth-and-beyond/chapter-05.html#gr9eb5n,bit.ly/1hpnyXD
http://www.youtube.com/watch?v=xp-8HysWkxw&list=TL_u-F6ITZNk8ykxq42NI2UIMN_fxJTtPj,www.curious.org.za/natsci/grade-09/04-planet-earth-and-beyond/chapter-05.html#gr9eb5o,bit.ly/Hq36sl
http://www.youtube.com/watch?v=GYKyt3C0oT4&list=TLz2LeTDLhc-9zkklzY4Yp1WKcEfriwyBD,www.curious.org.za/natsci/grade-09/04-planet-earth-and-beyond/chapter-05.html#gr9eb5p,bit.ly/1aDGtet
http://www.howmanypeopleareinspacerightnow.com/,www.curious.org.za/natsci/grade-09/04-planet-earth-and-beyond/chapter-05.html#gr9eb5q,bit.ly/1g8OXOv
http://spectrum.ieee.org/at-work/education/the-stem-crisis-is-a-myth,,bit.ly/19Bpoip
http://phet.colorado.edu/en/simulation/greenhouse,www.curious.org.za/natsci/grade-07/03-energy-and-change/chapter-01.html#gr7ec1a,bit.ly/15vNiyQ
http://world-nuclear.org/info/Current-and-Future-Generation/The-Nuclear-Debate/#.UguLTbzzu-w,,bit.ly/16sqS2d
http://www.renewableenergy.co.za/,www.curious.org.za/natsci/grade-07/03-energy-and-change/chapter-01.html#gr7ec1b,bit.ly/15VuZ4n
http://www.biogassa.co.za/digesters.html,www.curious.org.za/natsci/grade-07/03-energy-and-change/chapter-01.html#gr7ec1c,bit.ly/184BGkj
http://www.thegreentimes.co.za/stories/waste/item/1114-free-energy-from-your-own-waste-%E2%80%93-biodigesters-make-sense,www.curious.org.za/natsci/grade-07/03-energy-and-change/chapter-01.html#gr7ec1d,bit.ly/1dL9CEQ
http://www.greenpeace.org/africa/en/campaigns/Climate-change/renewable-energy-myths/#medupi,www.curious.org.za/natsci/grade-07/03-energy-and-change/chapter-01.html#gr7ec1e,bit.ly/1bmufX1
http://www.youtube.com/watch?feature=player_embedded&v=rgrUwPWjj2Q,www.curious.org.za/natsci/grade-07/03-energy-and-change/chapter-01.html#gr7ec1f,bit.ly/19iQ31o
http://www.youtube.com/watch?v=MBeXRRTGjNE,www.curious.org.za/natsci/grade-07/03-energy-and-change/chapter-01.html#gr7ec1g,bit.ly/14ZOOqv
http://www.youtube.com/watch?v=T1HmY_ImHAg,www.curious.org.za/natsci/grade-07/03-energy-and-change/chapter-01.html#gr7ec1h,bit.ly/1hh2L5Y
http://www.youtube.com/watch?feature=player_embedded&v=cEL7yc8R42k,www.curious.org.za/natsci/grade-07/03-energy-and-change/chapter-01.html#gr7ec1i,bit.ly/15G1FAJ
http://youtu.be/ASZv3tIK56k,www.curious.org.za/natsci/grade-07/03-energy-and-change/chapter-02.html#gr7ec2a,bit.ly/15Vfjyf
http://www.youtube.com/watch?v=k60jGJfV8oU,www.curious.org.za/natsci/grade-07/03-energy-and-change/chapter-02.html#gr7ec2b,bit.ly/19B2JTi
http://phet.colorado.edu/en/simulation/energy-forms-and-changes,www.curious.org.za/natsci/grade-07/03-energy-and-change/chapter-02.html#gr7ec2c,bit.ly/19HdkuW
http://www.youtube.com/watch?v=t2vnyfNK870,www.curious.org.za/natsci/grade-07/03-energy-and-change/chapter-02.html#gr7ec2d,bit.ly/16KvQ4x
http://www.youtube.com/watch?v=9T7tGosXM58,www.curious.org.za/natsci/grade-07/03-energy-and-change/chapter-02.html#gr7ec2e,bit.ly/15vmL4R
http://phet.colorado.edu/en/simulation/energy-skate-park-basics,www.curious.org.za/natsci/grade-07/03-energy-and-change/chapter-02.html#gr7ec2f,bit.ly/18qYcmq
http://phet.colorado.edu/en/simulation/energy-skate-park,,bit.ly/1fp5Oxk
http://phet.colorado.edu/files/teachers-guide/energy-skate-park-guide.pdf,,bit.ly/16B8r4D
http://www.youtube.com/watch?v=7Y3mfAGVn1c,www.curious.org.za/natsci/grade-07/03-energy-and-change/chapter-03.html#gr7ec3a,bit.ly/1h3PIok
http://www.youtube.com/watch?v=vqDbMEdLiCs&feature=share&list=PL16649CCE7EFA8B2F,www.curious.org.za/natsci/grade-07/03-energy-and-change/chapter-03.html#gr7ec3b,bit.ly/16KVia5
http://www.youtube.com/watch?v=N7ssCM3qM3U,www.curious.org.za/natsci/grade-07/03-energy-and-change/chapter-03.html#gr7ec3c,bit.ly/1734sCb
http://www.youtube.com/watch?v=hNGJ0WHXMyE,www.curious.org.za/natsci/grade-07/03-energy-and-change/chapter-03.html#gr7ec3f,bit.ly/GL81CW
https://www.youtube.com/watch?v=DL3Ez9bxMTo,,bit.ly/19BpDKm
http://www.youtube.com/watch?v=RCO90hvEL1I,www.curious.org.za/natsci/grade-07/03-energy-and-change/chapter-03.html#gr7ec3d,bit.ly/1fpFCm0
https://www.youtube.com/watch?v=DL3Ez9bxMTo,www.curious.org.za/natsci/grade-07/03-energy-and-change/chapter-03.html#gr7ec3e,bit.ly/16sqFMw
http://www.youtube.com/watch?v=XCu_WxGTDyE,www.curious.org.za/natsci/grade-07/03-energy-and-change/chapter-04.html#gr7ec4a,bit.ly/1h3TNbU
http://videos.howstuffworks.com/discovery/35827-howstuffworks-show-episode-10-how-wetsuits-work-video.htm,www.curious.org.za/natsci/grade-07/03-energy-and-change/chapter-04.html#gr7ec4b,bit.ly/184Extr
http://www.youtube.com/watch?v=Pt-uxggdGwI,www.curious.org.za/natsci/grade-07/03-energy-and-change/chapter-04.html#gr7ec4c,bit.ly/192HJTA
http://www.nasa.gov/content/goddard/webb-telescope-test-insulating-from-heat-and-cold/#.UjGxGSLtky2,www.curious.org.za/natsci/grade-07/03-energy-and-change/chapter-04.html#gr7ec4d,bit.ly/1be3J5v
http://www.gbcsa.org.za/,www.curious.org.za/natsci/grade-07/03-energy-and-change/chapter-04.html#gr7ec4e,bit.ly/1fpJTWy
http://www.youtube.com/watch?v=Ofn7jqPDTeY,www.curious.org.za/natsci/grade-07/03-energy-and-change/chapter-04.html#gr7ec4f,bit.ly/GzvzLr
http://www.youtube.com/watch?v=rAcc1WBbE1M,www.curious.org.za/natsci/grade-07/03-energy-and-change/chapter-05.html#gr7ec5a,bit.ly/16s7AtK
http://www.bbc.co.uk/schools/gcsebitesize/science/21c_pre_2011/energy/generatingelectricityrev4.shtml,,bbc.in/15vnPFJ
http://www.youtube.com/watch?v=d1M2Zb1B08A,www.curious.org.za/natsci/grade-07/03-energy-and-change/chapter-05.html#gr7ec5b,bit.ly/19jAwi4
http://www.youtube.com/watch?v=V-R2TugdZ-M,www.curious.org.za/natsci/grade-07/03-energy-and-change/chapter-06.html#gr7ec6a,bit.ly/1923wdW
http://youtu.be/__zB80Saglk ,,bit.ly/1hniv7m
http://youtu.be/__zB80Saglk,www.curious.org.za/natsci/grade-07/03-energy-and-change/chapter-06.html#gr7ec6b,bit.ly/16s7EtM
http://www.youtube.com/watch?v=SeXG8K5_UvU,www.curious.org.za/natsci/grade-07/03-energy-and-change/chapter-06.html#gr7ec6c,bit.ly/18qGMbl
http://en.wikipedia.org/wiki/List_of_power_stations_in_South_Africa,,bit.ly/15vo5Vk
http://www.eskom.co.za/c/article/78/conserving-electricity/,www.curious.org.za/natsci/grade-07/03-energy-and-change/chapter-06.html#gr7ec6d,bit.ly/184fGpK
https://www.zooniverse.org/,,bit.ly/14JxLsw
https://www.zooniverse.org/,www.curious.org.za/natsci/grade-07/03-energy-and-change/chapter-06.html#gr7ec6e,bit.ly/15VgBsY
http://spectrum.ieee.org/at-work/education/the-stem-crisis-is-a-myth,,bit.ly/19Bpoip
http://www.youtube.com/watch?feature=player_embedded&v=S56z11DR0YU,,bit.ly/1fFbbbJ
http://phet.colorado.edu/en/simulation/balloons,www.curious.org.za/natsci/grade-08/03-energy-and-change/chapter-01.html#gr8ec1a,bit.ly/GzwlIt
http://www.youtube.com/watch?feature=player_embedded&v=F6v8wm7_vdQ,www.curious.org.za/natsci/grade-08/03-energy-and-change/chapter-01.html#gr8ec1b,bit.ly/16ThzBL
http://www.youtube.com/watch?v=1tYO4jvnJHw,www.curious.org.za/natsci/grade-08/03-energy-and-change/chapter-01.html#gr8ec1c,bit.ly/17mYLiC
http://phet.colorado.edu/en/simulation/travoltage,www.curious.org.za/natsci/grade-08/03-energy-and-change/chapter-01.html#gr8ec1d,bit.ly/GzGCEa
http://www.youtube.com/watch?v=eNxDgd3D_bU&feature=em-subs_digest,www.curious.org.za/natsci/grade-08/03-energy-and-change/chapter-01.html#gr8ec1e,bit.ly/18nTOps
http://www.youtube.com/watch?v=2PmWlPjV6n0,www.curious.org.za/natsci/grade-08/03-energy-and-change/chapter-01.html#gr8ec1f,bit.ly/18JyxWc
http://youtu.be/rNEY3Yv9kC8,www.curious.org.za/natsci/grade-08/03-energy-and-change/chapter-01.html#gr8ec1g,bit.ly/1a5YNKE
http://youtu.be/fT_LmwnmVNM,www.curious.org.za/natsci/grade-08/03-energy-and-change/chapter-01.html#gr8ec1h,bit.ly/1dZkVJr
http://youtu.be/ubZuSZYVBng,www.curious.org.za/natsci/grade-08/03-energy-and-change/chapter-01.html#gr8ec1i,bit.ly/19mUtun
http://phet.colorado.edu/en/simulation/circuit-construction-kit-dc,,bit.ly/GzA9d5
http://www.youtube.com/watch?v=INBYuA6KoLA,www.curious.org.za/natsci/grade-08/03-energy-and-change/chapter-02.html#gr8ec2a,bit.ly/1eWpN5k
http://www.youtube.com/watch?v=D2monVkCkX4&feature=relmfu,www.curious.org.za/natsci/grade-08/03-energy-and-change/chapter-02.html#gr8ec2b,bit.ly/17ni2R4
http://phet.colorado.edu/en/simulation/circuit-construction-kit-dc,www.curious.org.za/natsci/grade-08/03-energy-and-change/chapter-02.html#gr8ec2c,bit.ly/19eotZk
http://treevolution.co.za/guide-to-recycling-in-sa/,www.curious.org.za/natsci/grade-08/03-energy-and-change/chapter-02.html#gr8ec2d,bit.ly/19Sygzg
http://www.youtube.com/watch?v=YnMP1Uj2nz0,www.curious.org.za/natsci/grade-08/03-energy-and-change/chapter-02.html#gr8ec2e,bit.ly/18K0hd3
http://www.andythelwell.com/blobz/guide.html,www.curious.org.za/natsci/grade-08/03-energy-and-change/chapter-02.html#gr8ec2f,bit.ly/15Icr49
http://www.youtube.com/watch?v=Cb2g0hBIQKE,,bit.ly/18K0Aov
http://www.youtube.com/watch?feature=player_embedded&v=AaXglgoF2eg,www.curious.org.za/natsci/grade-08/03-energy-and-change/chapter-02.html#gr8ec2g,bit.ly/1c01QsA
http://www.youtube.com/watch?feature=player_embedded&v=uj0DFDfQajw,www.curious.org.za/natsci/grade-08/03-energy-and-change/chapter-02.html#gr8ec2h,bit.ly/GzwPyx
http://phet.colorado.edu/en/simulation/magnet-and-compass,www.curious.org.za/natsci/grade-08/03-energy-and-change/chapter-02.html#gr8ec2i,bit.ly/19etlNQ
http://www.youtube.com/watch?v=nPjAueJGdzA,www.curious.org.za/natsci/grade-08/03-energy-and-change/chapter-02.html#gr8ec2j,bit.ly/1bpHh61
http://phet.colorado.edu/en/simulation/magnets-and-electromagnets,www.curious.org.za/natsci/grade-08/03-energy-and-change/chapter-02.html#gr8ec2k,bit.ly/GzwSua
http://electronics.howstuffworks.com/speaker5.htm,www.curious.org.za/natsci/grade-08/03-energy-and-change/chapter-02.html#gr8ec2l,bit.ly/19jU1XL
http://science.howstuffworks.com/transport/engines-equipment/maglev-train.htm,,bit.ly/1dTQQuM
http://phet.colorado.edu/en/simulation/generator,www.curious.org.za/natsci/grade-08/03-energy-and-change/chapter-02.html#gr8ec2m,bit.ly/15Guo8x
http://www.youtube.com/watch?feature=player_embedded&v=it_Z7NdKgmY,www.curious.org.za/natsci/grade-08/03-energy-and-change/chapter-02.html#gr8ec2n,bit.ly/1c02xCb
http://www.youtube.com/watch?v=McbJPWgkqi4,www.curious.org.za/natsci/grade-08/03-energy-and-change/chapter-02.html#gr8ec2lo,bit.ly/1fZQ5SW
http://www.youtube.com/watch?v=z7f7dQF2KLA,www.curious.org.za/natsci/grade-08/03-energy-and-change/chapter-02.html#gr8ec2lp,bit.ly/GzH851
http://youtu.be/MZtTVsIOA9c,www.curious.org.za/natsci/grade-08/03-energy-and-change/chapter-02.html#gr8ec2q,bit.ly/GCCtjK
http://phet.colorado.edu/en/simulation/circuit-construction-kit-dc,,bit.ly/17vBMBX
http://www.schoolphysics.co.uk/animations/Electric_current/index.html,www.curious.org.za/natsci/grade-08/03-energy-and-change/chapter-03.html#gr8ec3a,bit.ly/19Ww8pW
http://phet.colorado.edu/en/simulation/signal-circuit,www.curious.org.za/natsci/grade-08/03-energy-and-change/chapter-03.html#gr8ec3b,bit.ly/15NlqBd
http://phet.colorado.edu/en/simulation/circuit-construction-kit-dc,,bit.ly/17vBMBX
http://www.youtube.com/watch?v=d1M2Zb1B08A,www.curious.org.za/natsci/grade-08/03-energy-and-change/chapter-03.html#gr8ec3c,bit.ly/19Wwxsu
http://www.timetoast.com/timelines/118814,,bit.ly/1hmPfxF
http://resources.schoolscience.co.uk/britishenergy/14-16/index.htm,www.curious.org.za/natsci/grade-08/03-energy-and-change/chapter-03.html#gr8ec3d,bit.ly/1fKZb8E
http://youtu.be/x2EuYqj_0Uk,www.curious.org.za/natsci/grade-08/03-energy-and-change/chapter-03.html#gr8ec3e,bit.ly/1f5hZ0W
http://youtu.be/P3PDLsJQcGI,www.curious.org.za/natsci/grade-08/03-energy-and-change/chapter-03.html#gr8ec3f,bit.ly/1bC5qKc
http://www.youtube.com/watch?v=2-NGTMK-fCo,www.curious.org.za/natsci/grade-08/03-energy-and-change/chapter-04.html#gr8ec4a,bit.ly/GAMgFW
http://www.youtube.com/watch?v=WrQsq8s8XzU,www.curious.org.za/natsci/grade-08/03-energy-and-change/chapter-04.html#gr8ec4b,bit.ly/19n4T7g
http://www.youtube.com/watch?v=Hh4lregaYes,www.curious.org.za/natsci/grade-08/03-energy-and-change/chapter-04.html#gr8ec4c,bit.ly/174q6mx
http://www.youtube.com/watch?v=liqF6EamiE4&feature=share&list=PL16649CCE7EFA8B2F,www.curious.org.za/natsci/grade-08/03-energy-and-change/chapter-04.html#gr8ec4d,bit.ly/156mx1y
http://www.youtube.com/watch?v=-yrZpTHBEss,www.curious.org.za/natsci/grade-08/03-energy-and-change/chapter-04.html#gr8ec4e,bit.ly/GABdNZ
http://www.youtube.com/watch?v=Iuv6hY6zsd0&feature=youtu.be,www.curious.org.za/natsci/grade-08/03-energy-and-change/chapter-04.html#gr8ec4f,bit.ly/GAMvAL
http://www.moillusions.com/2012/03/find-your-blind-spot-trick.html,www.curious.org.za/natsci/grade-08/03-energy-and-change/chapter-04.html#gr8ec4g,bit.ly/19jumEr
http://phet.colorado.edu/en/simulation/bending-light,www.curious.org.za/natsci/grade-08/03-energy-and-change/chapter-04.html#gr8ec4h,bit.ly/GAxLmc
http://phet.colorado.edu/en/simulation/bending-light,,bit.ly/1fL0pkf
http://www.youtube.com/watch?v=s3EK1lGkf2s,www.curious.org.za/natsci/grade-08/03-energy-and-change/chapter-04.html#gr8ec4i,bit.ly/15NmXXO
http://www.youtube.com/watch?v=qbPfzOuIeSM,www.curious.org.za/natsci/grade-08/03-energy-and-change/chapter-04.html#gr8ec4j,bit.ly/GABjoO
http://www.youtube.com/watch?v=-HD2UQ3EPXw,www.curious.org.za/natsci/grade-08/03-energy-and-change/chapter-04.html#gr8ec4k,bit.ly/174qoKb
http://www.clubx.co.za/careers/so-you-want-to-be-an-optometrist/,www.curious.org.za/natsci/grade-08/03-energy-and-change/chapter-04.html#gr8ec4l,bit.ly/19WxYYa
http://sun025.sun.ac.za/portal/page/portal/Health_Sciences/English/Departments/Surgical_Sciences/Ophthalmology/General,,bit.ly/18SxQty
https://www.zooniverse.org/,,bit.ly/14JxLsw
https://www.zooniverse.org/,www.curious.org.za/natsci/grade-08/03-energy-and-change/chapter-04.html#gr8ec4m,bit.ly/15KjnmD
http://phet.colorado.edu/en/simulation/color-vision,www.curious.org.za/natsci/grade-08/03-energy-and-change/chapter-04.html#gr8ec4n,bit.ly/18TbpEA
http://www.youtube.com/watch?v=2dRr-fnPCwM,www.curious.org.za/natsci/grade-08/03-energy-and-change/chapter-04.html#gr8ec4o,bit.ly/1a4zs2D
http://www.youtube.com/watch?v=S9dqJRyk0YM&list=PL22101FC9E3F4A7E5,www.curious.org.za/natsci/grade-08/03-energy-and-change/chapter-04.html#gr8ec4p,bit.ly/1b2gFXU
http://www.youtube.com/watch?v=FAivtXJOsiI&list=PL22101FC9E3F4A7E5,www.curious.org.za/natsci/grade-08/03-energy-and-change/chapter-04.html#gr8ec4q,bit.ly/1fcfJVZ
http://phet.colorado.edu/en/simulation/forces-and-motion-basics,www.curious.org.za/natsci/grade-09/03-energy-and-change/chapter-01.html#gr9ec1a,bit.ly/1gme5Cr
http://phet.colorado.edu/en/simulation/forces-and-motion-basics,,bit.ly/199udkj
http://phet.colorado.edu/files/teachers-guide/forces-and-motion-basics-guide.pdf,,bit.ly/1cXlC8y
http://phet.colorado.edu/en/simulation/mass-spring-lab,www.curious.org.za/natsci/grade-09/03-energy-and-change/chapter-01.html#gr9ec1b,bit.ly/1cwebT9
http://phet.colorado.edu/en/simulation/forces-and-motion,www.curious.org.za/natsci/grade-09/03-energy-and-change/chapter-01.html#gr9ec1c,bit.ly/19OewvW
http://phet.colorado.edu/en/simulation/forces-and-motion-basics,,bit.ly/199udkj
http://phet.colorado.edu/files/teachers-guide/forces-and-motion-basics-guide.pdf,,bit.ly/1cXlC8y
http://phet.colorado.edu/en/simulation/friction,www.curious.org.za/natsci/grade-09/03-energy-and-change/chapter-01.html#gr9ec1d,bit.ly/19OeYdz
http://www.youtube.com/watch?v=gS1dpowPlE8&list=PL22101FC9E3F4A7E5,www.curious.org.za/natsci/grade-09/03-energy-and-change/chapter-01.html#gr9ec1e,bit.ly/1gN57fo
http://phet.colorado.edu/en/simulation/gravity-force-lab,www.curious.org.za/natsci/grade-09/03-energy-and-change/chapter-01.html#gr9ec1f,bit.ly/16PDe2w
http://phet.colorado.edu/en/simulation/gravity-and-orbits,www.curious.org.za/natsci/grade-09/03-energy-and-change/chapter-01.html#gr9ec1g,bit.ly/199wWdE
http://phet.colorado.edu/en/simulation/my-solar-system,www.curious.org.za/natsci/grade-09/03-energy-and-change/chapter-01.html#gr9ec1h,bit.ly/1hYfnzd
http://phet.colorado.edu/en/simulation/mass-spring-lab,www.curious.org.za/natsci/grade-09/03-energy-and-change/chapter-01.html#gr9ec1i,bit.ly/H2I6YA
http://phet.colorado.edu/files/teachers-guide/mass-spring-lab-guide.pdf,,bit.ly/1hYg37K
http://www.youtube.com/watch?v=FHtvDA0W34I,www.curious.org.za/natsci/grade-09/03-energy-and-change/chapter-01.html#gr9ec1j,bit.ly/1aQbE43
http://www.youtube.com/watch?v=IlnZKSR73S0,www.curious.org.za/natsci/grade-09/03-energy-and-change/chapter-01.html#gr9ec1k,bit.ly/1fEFTRg
http://www.youtube.com/watch?feature=player_embedded&v=uj0DFDfQajw,www.curious.org.za/natsci/grade-09/03-energy-and-change/chapter-01.html#gr9ec1l,bit.ly/16PF9UB
http://science.howstuffworks.com/environmental/29143-100-greatest-discoveries-earths-magnetic-field-video.htm,www.curious.org.za/natsci/grade-09/03-energy-and-change/chapter-01.html#gr9ec1m,bit.ly/19Oi2q3
http://www.youtube.com/watch?v=Roq20IV4yP0&list=PLED25F943F8D6081C&index=2,www.curious.org.za/natsci/grade-09/03-energy-and-change/chapter-01.html#gr9ec1n,bit.ly/1aqIJlJ
http://www.youtube.com/watch?v=knwiWm4DpvQ,www.curious.org.za/natsci/grade-09/03-energy-and-change/chapter-01.html#gr9ec1o,bit.ly/16PINOx
http://www.youtube.com/watch?v=kL8R8SfuXp8,www.curious.org.za/natsci/grade-09/03-energy-and-change/chapter-01.html#gr9ec1p,bit.ly/19OixQY
http://phet.colorado.edu/en/simulation/travoltage,www.curious.org.za/natsci/grade-09/03-energy-and-change/chapter-01.html#gr9ec1q,bit.ly/1bYsHpT
http://phet.colorado.edu/en/simulation/balloons,www.curious.org.za/natsci/grade-09/03-energy-and-change/chapter-01.html#gr9ec1r,bit.ly/16ht6ff
http://www.youtube.com/watch?feature=player_embedded&v=F6v8wm7_vdQ,www.curious.org.za/natsci/grade-09/03-energy-and-change/chapter-01.html#gr9ec1s,bit.ly/174fSs9
http://www.nationalstemcentre.org.uk/elibrary/resource/2088/van-de-graaff-generator,,bit.ly/19TuryU
http://www.youtube.com/watch?v=KTK15te2Qts,www.curious.org.za/natsci/grade-09/03-energy-and-change/chapter-01.html#gr9ec1t,bit.ly/1bYvJdy
http://www.youtube.com/watch?v=eNxDgd3D_bU&feature=c4-overview&list=UUeiYXex_fwgYDonaTcSIk6w,www.curious.org.za/natsci/grade-09/03-energy-and-change/chapter-01.html#gr9ec1u,bit.ly/GS5BTm
http://www.youtube.com/watch?v=AV-qyDnZx0A,www.curious.org.za/natsci/grade-09/03-energy-and-change/chapter-01.html#gr9ec1v,bit.ly/1gpXaiB
http://www.youtube.com/watch?v=_mCC-68LyZM,www.curious.org.za/natsci/grade-09/03-energy-and-change/chapter-01.html#gr9ec1w,bit.ly/15OoKyZ
http://www.youtube.com/watch?v=PdzxGMnbCJg,www.curious.org.za/natsci/grade-09/03-energy-and-change/chapter-01.html#gr9ec1x,bit.ly/1gxYTlZ
http://www.sciencenewsforkids.org/2013/09/a-stretchy-gooey-speaker-uses-simple-materials-to-conduct-electricity-and-amplify-sound/,www.curious.org.za/natsci/grade-09/03-energy-and-change/chapter-02.html#gr9ec2a,bit.ly/17tGzAQ
http://youtu.be/GhbuhT1GDpI,www.curious.org.za/natsci/grade-09/03-energy-and-change/chapter-02.html#gr9ec2b,bit.ly/16N076B
http://www.youtube.com/watch?v=4IgHj2Uim_0,www.curious.org.za/natsci/grade-09/03-energy-and-change/chapter-02.html#gr9ec2c,bit.ly/H6ixWa
http://www.youtube.com/watch?v=PuiPDBA3XZI,www.curious.org.za/natsci/grade-09/03-energy-and-change/chapter-02.html#gr9ec2d,bit.ly/1daJUvV
http://www.youtube.com/watch?v=-GCtLF_jsm8,www.curious.org.za/natsci/grade-09/03-energy-and-change/chapter-03.html#gr9ec3a,bit.ly/19OxkLB
http://www.youtube.com/watch?v=d1M2Zb1B08A,www.curious.org.za/natsci/grade-09/03-energy-and-change/chapter-03.html#gr9ec3b,http://bit.ly/1bYKPQx
http://www.ktaggart.co.uk/physics/Simulations/EJS/ResistanceWire.html,,http://bit.ly/1cXLK35
http://www.ktaggart.co.uk/physics/Simulations/EJS/ResistanceWire.html,,http://bit.ly/1cXLK35
http://phet.colorado.edu/en/simulation/resistance-in-a-wire,www.curious.org.za/natsci/grade-09/03-energy-and-change/chapter-03.html#gr9ec3c,http://bit.ly/1aqYf0T
http://www.ktaggart.co.uk/physics/Simulations/EJS/ResistanceWire.html,,http://bit.ly/1cXLK35
http://www.ktaggart.co.uk/physics/Simulations/EJS/ResistanceWire.html,,http://bit.ly/1cXLK35
http://www.ktaggart.co.uk/physics/Simulations/EJS/ResistanceWire.html,www.curious.org.za/natsci/grade-09/03-energy-and-change/chapter-03.html#gr9ec3d,http://bit.ly/174rdsp
http://www.youtube.com/watch?v=QYacs_GygXo,www.curious.org.za/natsci/grade-09/03-energy-and-change/chapter-03.html#gr9ec3e,http://bit.ly/HdxCVx
http://www.youtube.com/watch?v=xg2pEzP-mlQ,www.curious.org.za/natsci/grade-09/03-energy-and-change/chapter-03.html#gr9ec3f,http://bit.ly/1cOcNvf
http://www.youtube.com/watch?v=D2monVkCkX4,www.curious.org.za/natsci/grade-09/03-energy-and-change/chapter-03.html#gr9ec3g,http://bit.ly/15XAKOK
http://phet.colorado.edu/en/simulation/circuit-construction-kit-dc,,http://bit.ly/17vBMBX
http://www.youtube.com/watch?v=ugmhjwAQDIE,www.curious.org.za/natsci/grade-09/03-energy-and-change/chapter-04.html#gr9ec4a,http://bit.ly/176NV39
http://phet.colorado.edu/en/simulation/circuit-construction-kit-dc,www.curious.org.za/natsci/grade-09/03-energy-and-change/chapter-04.html#gr9ec4b,http://bit.ly/1gqqTIa
http://phet.colorado.edu/en/simulation/circuit-construction-kit-dc,www.curious.org.za/natsci/grade-09/03-energy-and-change/chapter-04.html#gr9ec4c,http://bit.ly/19eKTHf
http://phet.colorado.edu/en/simulation/circuit-construction-kit-dc,,http://bit.ly/17vBMBX
http://phet.colorado.edu/en/simulation/circuit-construction-kit-dc,,http://bit.ly/17vBMBX
http://phet.colorado.edu/en/simulation/circuit-construction-kit-dc,,http://bit.ly/17vBMBX
http://PhET.colorado.edu/en/simulation/circuit-construction-kit-dc,,http://bit.ly/17vBMBX
http://www.youtube.com/watch?v=J4Vq-xHqUo8,www.curious.org.za/natsci/grade-09/03-energy-and-change/chapter-04.html#gr9ec4d,http://bit.ly/1b7ggTC
http://www.youtube.com/watch?v=x2EuYqj_0Uk,www.curious.org.za/natsci/grade-09/03-energy-and-change/chapter-04.html#gr9ec4e,http://bit.ly/1a7zvht
http://www.youtube.com/watch?v=1xPjES-sHwg,,bit.ly/Havmzk
http://www.youtube.com/watch?v=liwan6-w-Pw,www.curious.org.za/natsci/grade-09/03-energy-and-change/chapter-04.html#gr9ec4f,http://bit.ly/19nQOtw
http://www.youtube.com/watch?v=FWa9GVkWfR4,www.curious.org.za/natsci/grade-09/03-energy-and-change/chapter-04.html#gr9ec4g,http://bit.ly/17bTRYp
http://www.youtube.com/watch?v=bF3OyQ3HwfU,,http://bit.ly/16qtjg6
http://www.youtube.com/watch?v=lAYcePhKhxc,www.curious.org.za/natsci/grade-09/03-energy-and-change/chapter-04.html#gr9ec4h,http://bit.ly/H6suDb
http://www.youtube.com/watch?v=ICHn7MKS2Ow,www.curious.org.za/natsci/grade-09/03-energy-and-change/chapter-04.html#gr9ec4i,http://bit.ly/19nWOCB
http://www.youtube.com/watch?v=KSV4djQmvqA,www.curious.org.za/natsci/grade-09/03-energy-and-change/chapter-05.html#gr9ec5a,http://bit.ly/1cO4vmZ
http://www.eskom.co.za/AboutElectricity/ElectricityTips/Pages/Shock_From_Appliances.aspx,www.curious.org.za/natsci/grade-09/03-energy-and-change/chapter-05.html#gr9ec5b,http://bit.ly/1c9pGDg
http://www.eskom.co.za/AboutElectricity/ElectricityTips/Pages/Wiring_A_Plug.aspx,www.curious.org.za/natsci/grade-09/03-energy-and-change/chapter-05.html#gr9ec5c,bit.ly/1cO57ck
http://www.youtube.com/watch?v=nzQDVQZeDJw,www.curious.org.za/natsci/grade-09/03-energy-and-change/chapter-05.html#gr9ec5f,http://bit.ly/18JuoUj
http://www.eskom.co.za/AboutElectricity/ElectricityTips/Pages/Safety_Around_The_Home.aspx,www.curious.org.za/natsci/grade-09/03-energy-and-change/chapter-05.html#gr9ec5d,http://bit.ly/16mWMwE
http://vimeo.com/43401199,www.curious.org.za/natsci/grade-09/03-energy-and-change/chapter-05.html#gr9ec5e,http://bit.ly/1fQgh3W
http://phet.colorado.edu/en/simulation/greenhouse,www.curious.org.za/natsci/grade-09/03-energy-and-change/chapter-06.html#gr9ec6a,http://bit.ly/16gEHQY
http://www.youtube.com/watch?feature=player_embedded&v=cEL7yc8R42k,www.curious.org.za/natsci/grade-09/03-energy-and-change/chapter-06.html#gr9ec6b,http://bit.ly/19YgYE6
http://phet.colorado.edu/en/simulation/generator,www.curious.org.za/natsci/grade-09/03-energy-and-change/chapter-06.html#gr9ec6c,http://bit.ly/1gRKMpj
http://www.youtube.com/watch?v=k7Sz8oT8ou0,www.curious.org.za/natsci/grade-09/03-energy-and-change/chapter-06.html#gr9ec6d,http://bit.ly/1i2iTsn
http://en.wikipedia.org/wiki/List_of_power_stations_in_South_Africa,www.curious.org.za/natsci/grade-09/03-energy-and-change/chapter-06.html#gr9ec6e,http://bit.ly/16gF4eg
http://www.eskom.co.za/c/article/12/koeberg/,www.curious.org.za/natsci/grade-09/03-energy-and-change/chapter-06.html#gr9ec6f,http://bit.ly/19Yhmm6
http://phet.colorado.edu/en/simulation/radioactive-dating-game,www.curious.org.za/natsci/grade-09/03-energy-and-change/chapter-06.html#gr9ec6g,http://bit.ly/19QuXtL
http://www.youtube.com/watch?feature=player_embedded&v=LTnfXLws40Q,www.curious.org.za/natsci/grade-09/03-energy-and-change/chapter-06.html#gr9ec6h,http://bit.ly/16l2eLo
http://science.howstuffworks.com/nuclear-bomb2.htm,www.curious.org.za/natsci/grade-09/03-energy-and-change/chapter-06.html#gr9ec6i,http://bit.ly/1aWleSR
http://www.youtube.com/watch?v=ZutwJQR5-OI,www.curious.org.za/natsci/grade-09/03-energy-and-change/chapter-06.html#gr9ec6j,http://bit.ly/1fIOlil
http://www.ted.com/talks/debate_does_the_world_need_nuclear_energy.html,www.curious.org.za/natsci/grade-09/03-energy-and-change/chapter-06.html#gr9ec6k,http://bit.ly/1fIOpie
http://www.youtube.com/watch?v=VZgYmkItcqk,www.curious.org.za/natsci/grade-09/03-energy-and-change/chapter-06.html#gr9ec6l,http://bit.ly/1ex1jwF
http://www.youtube.com/watch?v=SeXG8K5_UvU&list=PLC77C629AF9FBC17A,www.curious.org.za/natsci/grade-09/03-energy-and-change/chapter-06.html#gr9ec6m,bit.ly/1a7rqJB
http://www.youtube.com/watch?v=b8cCsUBYSkw,www.curious.org.za/natsci/grade-09/03-energy-and-change/chapter-06.html#gr9ec6n,bit.ly/1fQukXr
http://www.youtube.com/watch?v=20Vb6hlLQSg,www.curious.org.za/natsci/grade-09/03-energy-and-change/chapter-06.html#gr9ec6o,bit.ly/GY3JbX
http://www.youtube.com/watch?v=9g7ZtSev1a8,www.curious.org.za/natsci/grade-09/03-energy-and-change/chapter-06.html#gr9ec7b,bit.ly/18JylZc
http://www.eskom.co.za/c/article/145/tariffs/,www.curious.org.za/natsci/grade-09/03-energy-and-change/chapter-06.html#gr9ec7a,http://bit.ly/GUaTxS
http://www.designrecycleinc.com/led%20comp%20chart.html,,http://bit.ly/17ytE0y
http://www.eskom.co.za/AboutElectricity/ElectricityTips/Pages/Conserving_Electricity.aspx,www.curious.org.za/natsci/grade-09/03-energy-and-change/chapter-06.html#gr9ec7c,bit.ly/1gEctUP
https://www.zooniverse.org/,,bit.ly/14JxLsw
https://www.zooniverse.org/,www.curious.org.za/natsci/grade-09/03-energy-and-change/chapter-06.html#gr9ec7d,bit.ly/1aFwEJv
http://www.youtube.com/watch?v=Xows8ZxOunQ,www.curious.org.za/natsci/grade-09/03-energy-and-change/chapter-06.html#gr9ec7e,bit.ly/17I66GC
http://www.sciencenewsforkids.org/news-in-the-classroom/,,bit.ly/16zEuUf
http://www.b2science.org/,www.curiousbooks.co.za/natsci/grade-07/01-life-and-living/chapter-01.html#gr7ll1a,bit.ly/18cwCth
http://visual.ly/infographic-earths-atmosphere-top-bottom,www.curiousbooks.co.za/natsci/grade-07/01-life-and-living/chapter-01.html#gr7ll1b,bit.ly/132W0U0
http://www.youtube.com/watch?v=e7ZqMTBwFVs&feature=em-subs_digest,www.curiousbooks.co.za/natsci/grade-07/01-life-and-living/chapter-01.html#gr7ll1c,bit.ly/1beNzVB
http://www.zephyrus.co.uk/characteristics.html,www.curiousbooks.co.za/natsci/grade-07/01-life-and-living/chapter-01.html#gr7ll1d,bit.ly/16Cj2jz
http://www.bbc.co.uk/bitesize/ks3/science/organisms_behaviour_health/life_processes/activity/,www.curiousbooks.co.za/natsci/grade-07/01-life-and-living/chapter-01.html#gr7ll1e,bit.ly/1cxrrZT
http://www.nasa.gov/audience/foreducators/teachingfromspace/dayinthelife/index.html,www.curiousbooks.co.za/natsci/grade-07/01-life-and-living/chapter-01.html#gr7ll1f,bit.ly/178CXVe
http://www.nasa.gov/centers/johnson/about/resources/jscfacts/index.html,www.curiousbooks.co.za/natsci/grade-07/01-life-and-living/chapter-01.html#gr7ll1g,bit.ly/1cfDcF7
http://science.howstuffworks.com/other-earth1.htm,www.curiousbooks.co.za/natsci/grade-07/01-life-and-living/chapter-01.html#gr7ll1h,bit.ly/13ITCQU
http://www.smh.com.au/technology/sci-tech/trio-of-super-earths-discovered-in-a-stars-habitable-zone-20130626-2ovx8.html,www.curiousbooks.co.za/natsci/grade-07/01-life-and-living/chapter-01.html#gr7ll1i,bit.ly/11OIY9R
http://www.youtube.com/watch?v=G2RuVxdr0mA,www.curiousbooks.co.za/natsci/grade-07/01-life-and-living/chapter-01.html#gr7ll1j,http://bit.ly/1467MIj
http://sciencenetlinks.com/interactives/class.html,www.curiousbooks.co.za/natsci/grade-07/01-life-and-living/chapter-02.html#gr7ll2a,bit.ly/1euTmGq
http://www.curioustaxonomy.net/index.html,www.curiousbooks.co.za/natsci/grade-07/01-life-and-living/chapter-02.html#gr7ll2b,bit.ly/15QNUhN
http://phylogame.org/,www.curiousbooks.co.za/natsci/grade-07/01-life-and-living/chapter-02.html#gr7ll2c,bit.ly/14o3yPp
http://www.youtube.com/watch?feature=player_embedded&v=wd-QnKlfZHI,www.curiousbooks.co.za/natsci/grade-07/01-life-and-living/chapter-02.html#gr7ll2d,bit.ly/18djDrj
http://www.usefulcharts.com/science/classification-of-animals-chart.html,www.curiousbooks.co.za/natsci/grade-07/01-life-and-living/chapter-02.html#gr7ll2e,bit.ly/178IzyU
http://school-of-fish.co.uk/teacher_resources_topic.php,,bit.ly/195EX30
http://www.bbc.co.uk/news/magazine-21954779,www.curiousbooks.co.za/natsci/grade-07/01-life-and-living/chapter-02.html#gr7ll2f,bit.ly/15QPMHg
http://www.youtube.com/watch?v=MsHCqrrU-Gk,www.curiousbooks.co.za/natsci/grade-07/01-life-and-living/chapter-02.html#gr7ll2g,bit.ly/15eTuEw
http://www.sciencenewsforkids.org/2012/05/caecilians-the-other-amphibian/,www.curiousbooks.co.za/natsci/grade-07/01-life-and-living/chapter-02.html#gr7ll2h,bit.ly/14Ak0yR
http://www.wild-facts.com/tag/thorny-dragon/,www.curiousbooks.co.za/natsci/grade-07/01-life-and-living/chapter-02.html#gr7ll2i,bit.ly/13QjCGb
http://www.theanimalspot.com/boaconstrictor.htm,www.curiousbooks.co.za/natsci/grade-07/01-life-and-living/chapter-02.html#gr7ll2j,bit.ly/1331Bd1
http://www.sasolbirds.co.za/mobile-app.php,www.curiousbooks.co.za/natsci/grade-07/01-life-and-living/chapter-02.html#gr7ll2k,bit.ly/178KinL
http://www.earthlife.net/inverts/an-phyla.html,www.curiousbooks.co.za/natsci/grade-07/01-life-and-living/chapter-02.html#gr7ll2l,bit.ly/178L1FG
http://www.youtube.com/watch?v=nHVoV0MVwSc,www.curiousbooks.co.za/natsci/grade-07/01-life-and-living/chapter-02.html#gr7ll2m,bit.ly/1euVRIX
http://www.youtube.com/watch?v=WqMNjUp6UeA,www.curiousbooks.co.za/natsci/grade-07/01-life-and-living/chapter-02.html#gr7ll2n,bit.ly/178LRlG
http://www.youtube.com/watch?v=_v1ep3LeT_8,www.curiousbooks.co.za/natsci/grade-07/01-life-and-living/chapter-02.html#gr7ll2r,http://bit.ly/1460jZG
http://www.youtube.com/watch?v=bHwAguHqYnU,www.curiousbooks.co.za/natsci/grade-07/01-life-and-living/chapter-02.html#gr7ll2s,http://bit.ly/14rZABn
http://www.youtube.com/watch?v=QHe1wmEaYWo,www.curiousbooks.co.za/natsci/grade-07/01-life-and-living/chapter-02.html#gr7ll2t,http://bit.ly/13gvab1
http://www.ispot.org.za/,www.curiousbooks.co.za/natsci/grade-07/01-life-and-living/chapter-02.html#gr7ll2o,bit.ly/1beUSg3
http://www.plantapalm.com/vce/toc.htm,www.curiousbooks.co.za/natsci/grade-07/01-life-and-living/chapter-02.html#gr7ll2p,bit.ly/16CqjQu
http://redlist.sanbi.org/,www.curiousbooks.co.za/natsci/grade-07/01-life-and-living/chapter-02.html#gr7ll2q,bit.ly/16x8r7H
http://www.youtube.com/watch?v=fNS7CqPF-WA,www.curiousbooks.co.za/natsci/grade-07/01-life-and-living/chapter-02.html#gr7ll2u,http://bit.ly/18rfb8d
http://www.youtube.com/watch?v=QW61D92WV1I,www.curiousbooks.co.za/natsci/grade-07/01-life-and-living/chapter-02.html#gr7ll2v,http://bit.ly/16HN2ss
http://www.youtube.com/watch?v=DY9DNWcqxI4,www.curiousbooks.co.za/natsci/grade-07/01-life-and-living/chapter-03.html#gr7ll3a,bit.ly/18dp5dE
http://www.youtube.com/watch?v=4YQ5q1cjEU4&feature=youtu.be,www.curiousbooks.co.za/natsci/grade-07/01-life-and-living/chapter-03.html#gr7ll3b,bit.ly/18dpxZf
http://www.youtube.com/watch?v=xHkq1edcbk4&feature=youtu.be,www.curiousbooks.co.za/natsci/grade-07/01-life-and-living/chapter-03.html#gr7ll3c,bit.ly/148pQjS
http://www.youtube.com/watch?v=Zgc5w-xyQa0&feature=youtu.be,www.curiousbooks.co.za/natsci/grade-07/01-life-and-living/chapter-03.html#gr7ll3d,bit.ly/195ITRh
http://ictmagic.sharedby.co/share/QRDkMq,www.curiousbooks.co.za/natsci/grade-07/01-life-and-living/chapter-03.html#gr7ll3e,bit.ly/15R4ZYX
http://www.youtube.com/watch?v=rhp5k5ptSx0&feature=youtu.be,www.curiousbooks.co.za/natsci/grade-07/01-life-and-living/chapter-03.html#gr7ll3f,bit.ly/178UyMS
http://www.youtube.com/watch?v=O6afGgZrnnA,www.curiousbooks.co.za/natsci/grade-07/01-life-and-living/chapter-03.html#gr7ll3g,bit.ly/14Apbii
http://www2.bgfl.org/bgfl2/custom/resources_ftp/client_ftp/ks2/science/plants_pt2/dispersal.htm,www.curiousbooks.co.za/natsci/grade-07/01-life-and-living/chapter-03.html#gr7ll3h,bit.ly/1bf1nzm
http://www.youtube.com/watch?v=G2RuVxdr0mA,www.curiousbooks.co.za/natsci/grade-07/01-life-and-living/chapter-03.html#gr7ll3l,http://bit.ly/14GGtYn
http://www.youtube.com/watch?v=ZbEj5Hy3NHE,www.curiousbooks.co.za/natsci/grade-07/01-life-and-living/chapter-03.html#gr7ll3m,http://bit.ly/15yql7o
http://www.youtube.com/watch?v=eqsXc_aefKI,www.curiousbooks.co.za/natsci/grade-07/01-life-and-living/chapter-03.html#gr7ll3n,http://bit.ly/14J8Ms6
http://www.youtube.com/watch?v=KMQtLWpAdXI,www.curiousbooks.co.za/natsci/grade-07/01-life-and-living/chapter-03.html#gr7ll3o,http://bit.ly/17lTvt1
http://ezinearticles.com/?Teaching-Teens-About-the-Reproductive-System&id=1471773,,bit.ly/1cfWcTS
http://www.gobookee.net/puberty-and-printable/,,bit.ly/19PWW09
http://www.avert.org/puberty-girls.htm,www.curiousbooks.co.za/natsci/grade-07/01-life-and-living/chapter-03.html#gr7ll3i,bit.ly/13J6Pcd
http://www.avert.org/puberty-boys.htm,www.curiousbooks.co.za/natsci/grade-07/01-life-and-living/chapter-03.html#gr7ll3j,bit.ly/1cNfFZQ
http://www.lifeline.co.za/need-support/rape/,www.curiousbooks.co.za/natsci/grade-07/01-life-and-living/chapter-03.html#gr7ll3k,bit.ly/14ojHUU
http://phet.colorado.edu/en/simulation/natural-selection,www.curiousbooks.co.za/natsci/grade-07/01-life-and-living/chapter-04.html#gr7ll4d,http://bit.ly/15zeea9
http://phet.colorado.edu/en/simulation/natural-selection,,http://bit.ly/15zeohI
http://www.youtube.com/watch?v=0SCjhI86grU&feature=youtu.be,www.curiousbooks.co.za/natsci/grade-07/01-life-and-living/chapter-04.html#gr7ll4a,bit.ly/17zOR9R
http://www.recercaenaccio.cat/agaur_reac/AppJava/resources/documents/20100205-betularia19847.swf?idioma=en,www.curiousbooks.co.za/natsci/grade-07/01-life-and-living/chapter-04.html#gr7ll4b,bit.ly/178YdKJ
http://www.youtube.com/watch?v=cxfTa_fSSC0&feature=youtu.be,www.curiousbooks.co.za/natsci/grade-07/01-life-and-living/chapter-04.html#gr7ll4c,bit.ly/1bf3K5r
http://www.youtube.com/watch?v=eo5XndJaz-Y&feature=em-subs_digest&list=TLVt8EWL3inJs,,bit.ly/17z96Vc
http://www.sciencenewsforkids.org/news-in-the-classroom/,,bit.ly/16zEuUf
http://www.youtube.com/watch?v=aAQYpra4aUs&list=PLElB7nLNHZvhSor-RW0mv1FE_IDi9ZuiA,www.curiousbooks.co.za/natsci/grade-08/01-life-and-living/chapter-01.html#gr8ll1a,bit.ly/18cAb2v
http://www.youtube.com/watch?v=ebaQkkw2DCs,www.curiousbooks.co.za/natsci/grade-08/01-life-and-living/chapter-01.html#gr8ll1b,bit.ly/177Z3ay
http://www.youtube.com/watch?feature=player_embedded&v=MvinIH9dZBU,,bit.ly/19PksKO
http://www.youtube.com/watch?feature=player_embedded&v=3aZrkdzrd04#!.,, bit.ly/1eupZUz
http://www.youtube.com/watch?feature=player_embedded&v=MvinIH9dZBU,www.curiousbooks.co.za/natsci/grade-08/01-life-and-living/chapter-01.html#gr8ll1c,bit.ly/19cUVfc
http://www.slideshare.net/elmochem/chapter-3-5-lecture-ecology-population-growth.,,slidesha.re/19dpf9k
http://www.breathingearth.net/,www.curiousbooks.co.za/natsci/grade-08/01-life-and-living/chapter-02.html#gr8ll2a,bit.ly/178rzZx
http://www.sciencenewsforkids.org/2013/03/cool-jobs-green-science/,www.curiousbooks.co.za/natsci/grade-08/01-life-and-living/chapter-02.html#gr8ll2b,bit.ly/1cMKvll
http://www.sciencenewsforkids.org/teachers-questions-for-cool-jobs-green-science/ ,,bit.ly/15QvStw
http://www.curriculumbits.com/prodimages/details/biology/where-on-earth.html,www.curiousbooks.co.za/natsci/grade-08/01-life-and-living/chapter-02.html#gr8ll2c,bit.ly/1beFyQA
http://www.rain-barrel-world.com/homemade-rain-gauge.html ,,bit.ly/1cfqC8Q
http://www.scientificamerican.com/article.cfm?id=bring-science-home-wind-speed ,www.curiousbooks.co.za/natsci/grade-08/01-life-and-living/chapter-02.html#gr8ll2d,bit.ly/1cxl4FP
http://www.youtube.com/watch?v=mpWuDdroOIM ,www.curiousbooks.co.za/natsci/grade-08/01-life-and-living/chapter-02.html#gr8ll2e,bit.ly/1cxl6xq
http://www.sheppardsoftware.com/content/animals/kidscorner/games/foodchaingame.swf,www.curiousbooks.co.za/natsci/grade-08/01-life-and-living/chapter-02.html#gr8ll2f,bit.ly/13m4bWk
http://www.youtube.com/watch?feature=player_embedded&v=wGfOoRrICto ,www.curiousbooks.co.za/natsci/grade-08/01-life-and-living/chapter-02.html#gr8ll2g,bit.ly/14nGOit
http://youtu.be/Zgc5w-xyQa0 ,,bit.ly/147WFgZ
http://revolution.caret.cam.ac.uk/flash/ecosystems_younger.swf,www.curiousbooks.co.za/natsci/grade-08/01-life-and-living/chapter-02.html#gr8ll2h,bit.ly/13IKVG5
http://www.capenature.co.za/resources.htm?sm%5Bp1%5D%5Bcategory%5D=341 ,,bit.ly/16CawB4
http://www.edgeofexistence.org/mammals/species_info.php?id=3,www.curiousbooks.co.za/natsci/grade-08/01-life-and-living/chapter-02.html#gr8ll2i,bit.ly/178sJUW
http://www.youtube.com/watch?v=jmBVQbwr8eU,www.curiousbooks.co.za/natsci/grade-08/01-life-and-living/chapter-02.html#gr8ll2j,bit.ly/11OxVO2
http://www.bushmeat.org/bushmeat_and_wildlife_trade/what_is_the_bushmeat_crisis,www.curiousbooks.co.za/natsci/grade-08/01-life-and-living/chapter-02.html#gr8ll2k,bit.ly/13m5jJJ
http://youtu.be/KckmtxjKoAc ,www.curiousbooks.co.za/natsci/grade-08/01-life-and-living/chapter-02.html#gr8ll2l,bit.ly/1cMMUMX
http://education.nationalgeographic.com/education/media/wildebeest-migration/?ar_a=1,www.curiousbooks.co.za/natsci/grade-08/01-life-and-living/chapter-02.html#gr8ll2m,bit.ly/1cfsE90
http://www.youtube.com/watch?v=eD6VAE6HNvA ,www.curiousbooks.co.za/natsci/grade-08/01-life-and-living/chapter-02.html#gr8ll2n,bit.ly/1euLd4R
http://www.stoprhinopoaching.com ,www.curiousbooks.co.za/natsci/grade-08/01-life-and-living/chapter-02.html#gr8ll2o,bit.ly/14AbZtG
http://www.wwf.org.za/act_now/green_living/at_home/,www.curiousbooks.co.za/natsci/grade-08/01-life-and-living/chapter-02.html#gr8ll2p,bit.ly/1euLiFN
http://mammalmap.adu.org.za/index.php?serial=1 ,www.curiousbooks.co.za/natsci/grade-08/01-life-and-living/chapter-02.html#gr8ll2q,bit.ly/11OzgEl
http://www.youtube.com/watch?v=koMunNH1J3Y ,www.curiousbooks.co.za/natsci/grade-08/01-life-and-living/chapter-02.html#gr8ll2r,bit.ly/11OzjAb
http://ideasforteachers.wordpress.com/2010/03/22/microorganisms/,,bit.ly/13Q3DrA
http://www.youtube.com/watch?v=FcV1ydls9hg&feature=youtu.be,www.curiousbooks.co.za/natsci/grade-08/01-life-and-living/chapter-03.html#gr8ll3a,bit.ly/1cfthiT
http://phenomena.nationalgeographic.com/2013/08/06/heres-what-happens-inside-you-when-a-mosquito-bites/,www.curiousbooks.co.za/natsci/grade-08/01-life-and-living/chapter-03.html#gr8ll3f,bit.ly/11VNlzV
http://www.huffingtonpost.com/2013/04/06/cthulhu-microbes-termite_n_3022887.html,www.curiousbooks.co.za/natsci/grade-08/01-life-and-living/chapter-03.html#gr8ll3b,bit.ly/13m66dA
http://www.youtube.com/watch?v=PLG_bsJseCU,,bit.ly/11OzWcR
http://news.nationalgeographic.com/news/energy/2013/06/130617-electrofuels-using-microbes-to-make-biofuel/,www.curiousbooks.co.za/natsci/grade-08/01-life-and-living/chapter-03.html#gr8ll3c,bit.ly/16wTAKv
http://news.yale.edu/2013/06/14/fast-acting-virus-targets-melanoma-mice ,www.curiousbooks.co.za/natsci/grade-08/01-life-and-living/chapter-03.html#gr8ll3d,bit.ly/13m6hWa
http://www.youtube.com/watch?v=cxfTa_fSSC0&feature=youtu.be,www.curiousbooks.co.za/natsci/grade-08/01-life-and-living/chapter-03.html#gr8ll3e,bit.ly/19dsvBP
http://www.sciencenewsforkids.org/news-in-the-classroom,,bit.ly/13ZkfNQ
http://learn.genetics.utah.edu/content/begin/cells/scale/,www.curiousbooks.co.za/natsci/grade-09/01-life-and-living/chapter-01.html#gr9ll1a,bit.ly/160sn3C
http://www.youtube.com/watch?v=-zafJKbMPA8 ,www.curiousbooks.co.za/natsci/grade-09/01-life-and-living/chapter-01.html#gr9ll1b,bit.ly/14k3Q5S
http://www.youtube.com/watch?v=1Z9pqST72is ,www.curiousbooks.co.za/natsci/grade-09/01-life-and-living/chapter-01.html#gr9ll1c,bit.ly/19bsCKt
http://learn.genetics.utah.edu/content/begin/tour/   ,www.curiousbooks.co.za/natsci/grade-09/01-life-and-living/chapter-01.html#gr9ll1d,bit.ly/1bmf0wO
http://genetics.thetech.org/ask/ask165 ,www.curiousbooks.co.za/natsci/grade-09/01-life-and-living/chapter-01.html#gr9ll1e,bit.ly/164z730
http://www.newscientist.com/article/dn16124-solarpowered-sea-slug-harnesses-stolen-plant-genes.html,www.curiousbooks.co.za/natsci/grade-09/01-life-and-living/chapter-01.html#gr9ll1f,bit.ly/17GrwmS
http://micro.magnet.fsu.edu/primer/,,bit.ly/13ZkGaV
http://www.cellslider.net/,www.curiousbooks.co.za/natsci/grade-09/01-life-and-living/chapter-01.html#gr9ll1g,bit.ly/16DCU45
http://www.scienceinschool.org/2012/issue22/microscope ,,bit.ly/19bsOcQ
http://science.howstuffworks.com/light-microscope1.htm,,bit.ly/16IIkfZ
ttp://www.youtube.com/watch?v=p3NOlDHE2Dk ,www.curiousbooks.co.za/natsci/grade-09/01-life-and-living/chapter-01.html#gr9ll1h,bit.ly/14znPS5
http://youtu.be/2-3J6JGN-_Y,,bit.ly/15qjJHX
http://www.youtube.com/watch?v=Nn1aSz36Ra0,www.curiousbooks.co.za/natsci/grade-09/01-life-and-living/chapter-01.html#gr9ll1j,bit.ly/1cpzNnj
http://www.youtube.com/watch?v=7pR7TNzJ_pA ,www.curiousbooks.co.za/natsci/grade-09/01-life-and-living/chapter-01.html#gr9ll1k,bit.ly/1bmfxyZ
http://medtropolis.com/virtual-body/,www.curiousbooks.co.za/natsci/grade-09/01-life-and-living/chapter-01.html#gr9ll1l,bit.ly/14Fc3Zj
http://science.nationalgeographic.com/science/health-and-human-body/human-body/?source=G4101&kwid=ContentNetwork|929422345 ,www.curiousbooks.co.za/natsci/grade-09/01-life-and-living/chapter-01.html#gr9ll1m,bit.ly/14k53tH
http://library.thinkquest.org/2935/Natures_Best/Nat_Best_High_Level/Title_Net_Page/Title_page_h.html ,www.curiousbooks.co.za/natsci/grade-09/01-life-and-living/chapter-01.html#gr9ll1n,bit.ly/164zURJ
cmap.ihmc.us/publications/researchpapers/theorycmaps/theoryunderlyingconceptmaps.htm,,bit.ly/17e2g7V
http://youtu.be/JA0Wb3gc4mE,www.curiousbooks.co.za/natsci/grade-09/01-life-and-living/chapter-02.html#gr9ll2a,bit.ly/14Fccfa
http://www.youtube.com/watch?v=KSbbDnbSEyM ,,bit.ly/16IIBPU
http://www.youtube.com/watch?v=oE8tGkP5_tc ,www.curiousbooks.co.za/natsci/grade-09/01-life-and-living/chapter-02.html#gr9ll2b,bit.ly/19Wf2Od
http://teachhealthk-12.uthscsa.edu/studentresources/AnatomyofBreathing3.swf,www.curiousbooks.co.za/natsci/grade-09/01-life-and-living/chapter-02.html#gr9ll2c,bit.ly/11WaP8h
http://www.medicalnewstoday.com/info/lung-cancer/ ,www.curiousbooks.co.za/natsci/grade-09/01-life-and-living/chapter-02.html#gr9ll2d,bit.ly/17gAxnF
http://www.youtube.com/watch?v=VCminz-X52I ,www.curiousbooks.co.za/natsci/grade-09/01-life-and-living/chapter-02.html#gr9ll2e,bit.ly/13ZlIUd
http://jakevilldesign.dunked.com/cortex,www.curiousbooks.co.za/natsci/grade-09/01-life-and-living/chapter-02.html#gr9ll2f,bit.ly/13Q6hBw
http://www.youtube.com/watch?v=WtrYotjYvtU,www.curiousbooks.co.za/natsci/grade-09/01-life-and-living/chapter-02.html#gr9ll2g,bit.ly/160u9lA
https://www.youtube.com/watch?v=U8abfEUQlAk ,www.curiousbooks.co.za/natsci/grade-09/01-life-and-living/chapter-02.html#gr9ll2m,bit.ly/13ZsGIR
http://eyewire.org/,www.curiousbooks.co.za/natsci/grade-09/01-life-and-living/chapter-02.html#gr9ll2h,bit.ly/160udlh
http://science.nationalgeographic.com/science/health-and-human-body/human-body/brain-article.html ,www.curiousbooks.co.za/natsci/grade-09/01-life-and-living/chapter-02.html#gr9ll2i,bit.ly/13stpSU
http://www.bootslearningstore.co.uk/ks2/eyesight.html ,www.curiousbooks.co.za/natsci/grade-09/01-life-and-living/chapter-02.html#gr9ll2j,bit.ly/16IIRhU
http://samafoundation.org/youth-substance-addiction/effects-of-drugs-on-adolescent-brain/,www.curiousbooks.co.za/natsci/grade-09/01-life-and-living/chapter-02.html#gr9ll2k,bit.ly/14k6icr
http://www.intellectualdisability.info/diagnosis/fetal-alcohol-spectrum-disorder-an-overview ,,bit.ly/14k6k4f
http://kidshealth.org/teen/sexual_health/ ,www.curiousbooks.co.za/natsci/grade-09/01-life-and-living/chapter-02.html#gr9ll2l,bit.ly/1cEtUlc
http://ezinearticles.com/?Teaching-Teens-About-the-Reproductive-System&id=1471773,,bit.ly/1cfWcTS
http://www.youtube.com/watch?v=VcSX4ytEfcE ,www.curiousbooks.co.za/natsci/grade-09/01-life-and-living/chapter-03.html#gr9ll3a,bit.ly/16DDIpB
http://www.breathingearth.net/,www.curiousbooks.co.za/natsci/grade-09/01-life-and-living/chapter-03.html#gr9ll3b,bit.ly/19kSnvE
http://www.youtube.com/watch?v=dD-yN2G5BY0,www.curiousbooks.co.za/natsci/grade-09/01-life-and-living/chapter-03.html#gr9ll3c,bit.ly/13Q6VPn
http://upload.wikimedia.org/wikipedia/commons/9/9c/Rotating_brain_colored.gif,www.curiousbooks.co.za/natsci/grade-09/01-life-and-living/chapter-03.html#gr9ll3d,bit.ly/15qfVXa
http://www.bbc.co.uk/science/humanbody/body/interactives/lifecycle/teenagers/,www.curiousbooks.co.za/natsci/grade-09/01-life-and-living/chapter-03.html#gr9ll3e,bit.ly/1cpBnFI
http://kidshealth.org/teen/interactive/mrs_it.html#cat20129,www.curiousbooks.co.za/natsci/grade-09/01-life-and-living/chapter-03.html#gr9ll3f,bit.ly/15qgdgJ
http://kidshealth.org/teen/interactive/female_it.html#cat20129,www.curiousbooks.co.za/natsci/grade-09/01-life-and-living/chapter-03.html#gr9ll3g,bit.ly/1cWaGpM
http://www.youtube.com/watch?v=t72Al74ML7o ,www.curiousbooks.co.za/natsci/grade-09/01-life-and-living/chapter-03.html#gr9ll3h,bit.ly/19WfMCU
http://kidshealth.org/teen/interactive/female_it.html#cat20129,www.curiousbooks.co.za/natsci/grade-09/01-life-and-living/chapter-03.html#gr9ll3i,bit.ly/14k7tc2
http://www.youtube.com/watch?v=J_knnENhzwg ,www.curiousbooks.co.za/natsci/grade-09/01-life-and-living/chapter-03.html#gr9ll3j,bit.ly/11WbMNR
http://youtu.be/ca2NevbXMdA,www.curiousbooks.co.za/natsci/grade-09/01-life-and-living/chapter-03.html#gr9ll3k,bit.ly/14Fd57z
http://www.youtube.com/watch?v=bami9uGew4Y ,www.curiousbooks.co.za/natsci/grade-09/01-life-and-living/chapter-03.html#gr9ll3l,bit.ly/19WfV9m
http://www.sancawc.co.za/master/article.php?id=14.,www.curiousbooks.co.za/natsci/grade-09/01-life-and-living/chapter-03.html#gr9ll3m,bit.ly/16DEdQk
http://www.cdc.gov/std/general/default.htm ,www.curiousbooks.co.za/natsci/grade-09/01-life-and-living/chapter-03.html#gr9ll3n,bit.ly/19kSRSg
http://kidshealth.org/teen/sexual_health/ ,www.curiousbooks.co.za/natsci/grade-09/01-life-and-living/chapter-03.html#gr9ll3o,bit.ly/14Fd9Ex
http://www.youtube.com/watch?v=Z1h29R82mVc,www.curiousbooks.co.za/natsci/grade-09/01-life-and-living/chapter-04.html#gr9ll4a,bit.ly/13Znipl
http://teachhealthk-12.uthscsa.edu/studentresources/AnatomyofBreathing3.swf,www.curiousbooks.co.za/natsci/grade-09/01-life-and-living/chapter-04.html#gr9ll4b,bit.ly/14Fdeb8
http://youtu.be/cUzDbX3NTkM,www.curiousbooks.co.za/natsci/grade-09/01-life-and-living/chapter-04.html#gr9ll4c,bit.ly/17gByw6
http://youtu.be/tbevJ_jvJK8,www.curiousbooks.co.za/natsci/grade-09/01-life-and-living/chapter-04.html#gr9ll4d,bit.ly/160vSHr
http://youtu.be/TTkhvvs9Qkk,www.curiousbooks.co.za/natsci/grade-09/01-life-and-living/chapter-04.html#gr9ll4e,bit.ly/14FdiI2
http://youtu.be/XTMYSGXhJ4E ,www.curiousbooks.co.za/natsci/grade-09/01-life-and-living/chapter-04.html#gr9ll4f,bit.ly/11WcfzA
http://www.youtube.com/watch?v=yWnlhcqJlRk,www.curiousbooks.co.za/natsci/grade-09/01-life-and-living/chapter-04.html#gr9ll4g,bit.ly/1bmhKdF
http://youtu.be/H04d3rJCLCE,www.curiousbooks.co.za/natsci/grade-09/01-life-and-living/chapter-04.html#gr9ll4h,bit.ly/16DEtyM
http://youtu.be/F5a0DruZpjY,www.curiousbooks.co.za/natsci/grade-09/01-life-and-living/chapter-04.html#gr9ll4i,bit.ly/160w3T4
http://www.youtube.com/watch?v=i8wi0QnYN6s&feature=em-subs_digest&list=TLs64A7VbPt7c ,www.curiousbooks.co.za/natsci/grade-09/01-life-and-living/chapter-04.html#gr9ll4j,bit.ly/15qh1SY
http://youtu.be/9fxm85Fy4sQ,www.curiousbooks.co.za/natsci/grade-09/01-life-and-living/chapter-04.html#gr9ll4k,bit.ly/16IJFU6
http://phet.colorado.edu/en/simulation/eating-and-exercise,www.curiousbooks.co.za/natsci/grade-09/01-life-and-living/chapter-05.html#gr9ll5a,bit.ly/19buenM
http://www.choosemyplate.gov/ ,www.curiousbooks.co.za/natsci/grade-09/01-life-and-living/chapter-05.html#gr9ll5b,bit.ly/18lY5J2
http://nature.ca/discover/exm/blddgstvsystm/index_e.cfm,www.curiousbooks.co.za/natsci/grade-09/01-life-and-living/chapter-05.html#gr9ll5c,bit.ly/15qh8Oh
http://kitses.com/animation/swfs/digestion.swf ,www.curiousbooks.co.za/natsci/grade-09/01-life-and-living/chapter-05.html#gr9ll5d,bit.ly/1cWbzyC
http://www.youtube.com/watch?v=s06XzaKqELk&feature=share&list=TLRL1yAepj6rk,www.curiousbooks.co.za/natsci/grade-09/01-life-and-living/chapter-05.html#gr9ll5e,bit.ly/1cWbA5D
http://www.youtube.com/watch?v=Vb1pdvvoVoQ&feature=em-subs_digest&list=TLu8IXEsmNKwY,www.curiousbooks.co.za/natsci/grade-07/02-matter-and-materials/chapter-01.html#gr7mm1a,bit.ly/147izAO
http://www.youtube.com/watch?v=yom6zlm5VqE,www.curiousbooks.co.za/natsci/grade-07/02-matter-and-materials/chapter-01.html#gr7mm1b,bit.ly/13PxkJj
http://www.youtube.com/watch?v=hmMZDJ3Rwyo,www.curiousbooks.co.za/natsci/grade-07/02-matter-and-materials/chapter-01.html#gr7mm1c,bit.ly/16ww1kU
http://youtu.be/XoOQNwcrDWE,www.curiousbooks.co.za/natsci/grade-07/02-matter-and-materials/chapter-01.html#gr7mm1d,bit.ly/16ww3cp
http://www.sciencekids.co.nz/gamesactivities/meltingpoints.html,www.curiousbooks.co.za/natsci/grade-07/02-matter-and-materials/chapter-01.html#gr7mm1e,bit.ly/16ww5RR
http://www.bbc.co.uk/news/uk-14432401,www.curiousbooks.co.za/natsci/grade-07/02-matter-and-materials/chapter-01.html#gr7mm1f,bit.ly/16BKP3A
http://mg.co.za/article/2013-06-28-00-new-us-study-inflames-sas-fracking-feud,www.curiousbooks.co.za/natsci/grade-07/02-matter-and-materials/chapter-01.html#gr7mm1g,bit.ly/13lJ1Yw
http://www.youtube.com/watch?v=ZStpvaI503Q,www.curiousbooks.co.za/natsci/grade-07/02-matter-and-materials/chapter-01.html#gr7mm1h,bit.ly/14n2Hyz
http://planetearthherald.com/top-10-environmental-issues/,www.curiousbooks.co.za/natsci/grade-07/02-matter-and-materials/chapter-01.html#gr7mm1i,bit.ly/147jh0V
http://www.berndnaut.nl/works.htm,www.curiousbooks.co.za/natsci/grade-07/02-matter-and-materials/chapter-02.html#gr7mm2a,bit.ly/16wwlA6
http://www.youtube.com/watch?v=lL1Nv1j3bWQ,www.curiousbooks.co.za/natsci/grade-07/02-matter-and-materials/chapter-02.html#gr7mm2b,bit.ly/1cx5078
http://www.youtube.com/watch?v=dfliSUvkGwk,www.curiousbooks.co.za/natsci/grade-07/02-matter-and-materials/chapter-02.html#gr7mm2c,bit.ly/14zWJwW
http://www.youtube.com/watch?v=26AN1LfbUPc,www.curiousbooks.co.za/natsci/grade-07/02-matter-and-materials/chapter-02.html#gr7mm2d,bit.ly/14n3a3J
http://www.youtube.com/watch?v=9NCqijYpFts&feature=c4-overview-vl&list=PL77ECE976316E5992,www.curiousbooks.co.za/natsci/grade-07/02-matter-and-materials/chapter-02.html#gr7mm2e,bit.ly/13Py29D
http://www.youtube.com/watch?v=MNYpPkFfHoA,www.curiousbooks.co.za/natsci/grade-07/02-matter-and-materials/chapter-02.html#gr7mm2f,bit.ly/1cMhHJC
http://www.bbc.co.uk/bitesize/ks3/science/chemical_material_behaviour/compounds_mixtures/revision/9/,www.curiousbooks.co.za/natsci/grade-07/02-matter-and-materials/chapter-02.html#gr7mm2g,bit.ly/1cMhKVY
http://www.youtube.com/watch?v=Nh6lkv1udb0,www.curiousbooks.co.za/natsci/grade-07/02-matter-and-materials/chapter-02.html#gr7mm2h,bit.ly/1950eda
http://portal.acs.org/portal/acs/corg/content?_nfpb=true&_pageLabel=PP_SUPERARTICLE&node_id=1188&use_sec=false&sec_url_var=region1&__uuid=964e0712-eaa0-4f2a-a03d-689d0a3cd62c,www.curiousbooks.co.za/natsci/grade-07/02-matter-and-materials/chapter-02.html#gr7mm2i,bit.ly/19cXkqe
http://antoine.frostburg.edu/chem/senese/101/acidbase/faq/household-indicators.shtml,www.curiousbooks.co.za/natsci/grade-07/02-matter-and-materials/chapter-03.html#gr7mm3a,bit.ly/195o6gF
http://www.youtube.com/watch?v=2XZxLCxZCSY,www.curiousbooks.co.za/natsci/grade-07/02-matter-and-materials/chapter-03.html#gr7mm3b,bit.ly/19PBmsJ
https://www.youtube.com/watch?v=J9zxjz0bctI,www.curiousbooks.co.za/natsci/grade-07/02-matter-and-materials/chapter-03.html#gr7mm3c,bit.ly/18cZjX5
https://www.youtube.com/watch?v=n1cGXe--cpc,www.curiousbooks.co.za/natsci/grade-07/02-matter-and-materials/chapter-03.html#gr7mm3d,bit.ly/15Qjigh
http://www.youtube.com/watch?v=Ko5iDMYzwWE,www.curiousbooks.co.za/natsci/grade-07/02-matter-and-materials/chapter-03.html#gr7mm3e,bit.ly/15QjCfd
https://www.youtube.com/watch?v=ti_E2ZKZpC4,,bit.ly/17zszF4
http://www.youtube.com/watch?v=-wu0LixSBpk,www.curiousbooks.co.za/natsci/grade-07/02-matter-and-materials/chapter-04.html#gr7mm4a,bit.ly/16C5ZyC
https://www.youtube.com/watch?v=O-48znAg7VE,www.curiousbooks.co.za/natsci/grade-07/02-matter-and-materials/chapter-04.html#gr7mm4b,bit.ly/1cMGnSw
http://www.youtube.com/watch?v=fPnwBITSmgU,www.curiousbooks.co.za/natsci/grade-07/02-matter-and-materials/chapter-04.html#gr7mm4c,bit.ly/147Ql9f
http://www.rsc.org/periodic-table/,,rsc.li/195tO2e
http://periodictable.com/,www.curiousbooks.co.za/natsci/grade-07/02-matter-and-materials/chapter-04.html#gr7mm4d,bit.ly/1euHmVi
https://www.youtube.com/watch?v=0RRVV4Diomg,www.curiousbooks.co.za/natsci/grade-07/02-matter-and-materials/chapter-04.html#gr7mm4e,bit.ly/147Qzgx
https://www.youtube.com/watch?v=zUDDiWtFtEM,www.curiousbooks.co.za/natsci/grade-07/02-matter-and-materials/chapter-04.html#gr7mm4f,bit.ly/18d0bLl
https://www.youtube.com/watch?v=r7hO-1ItqXw,www.curiousbooks.co.za/natsci/grade-07/02-matter-and-materials/chapter-04.html#gr7mm4g,bit.ly/11OuoPM
http://www.learner.org/interactives/periodic/basics_4_periodicity.html,,bit.ly/132Nzbh
http://ictmagic.sharedby.co/share/aplaL2,www.curiousbooks.co.za/natsci/grade-07/02-matter-and-materials/chapter-04.html#gr7mm4h,bit.ly/15QkMHn
http://igoscience.com/blank-periodic-table-of-elements-free-pdf/,,bit.ly/132NDb7
http://images-of-elements.com/,,bit.ly/19PEEw3
http://www.webelements.com/uses.html,www.curiousbooks.co.za/natsci/grade-07/02-matter-and-materials/chapter-04.html#gr7mm4i,bit.ly/17zr35Q
,www.curiousbooks.co.za/natsci/grade-07/02-matter-and-materials/chapter-04.html#gr7mm4j,bit.ly/14276Uh
http://myscienceacademy.org/2013/04/03/have-you-ever-seen-an-atom/,www.curiousbooks.co.za/natsci/grade-08/02-matter-and-materials/chapter-01.html#gr8mm1a,bit.ly/14AbIai
http://www.youtube.com/watch?v=oSCX78-8-q0,www.curiousbooks.co.za/natsci/grade-08/02-matter-and-materials/chapter-01.html#gr8mm1b,bit.ly/178tzB3
http://www.youtube.com/watch?v=xA4QWwaweWA,www.curiousbooks.co.za/natsci/grade-08/02-matter-and-materials/chapter-01.html#gr8mm1c,bit.ly/13m5p3T
http://www.keithcom.com/atoms/index.php,www.curiousbooks.co.za/natsci/grade-08/02-matter-and-materials/chapter-01.html#gr8mm1d,bit.ly/132PyMG
http://www.kuriositas.com/2013/05/what-is-higgs-boson-animation.html,,bit.ly/163XeMI
http://home.web.cern.ch/about/updates/2013/05/basics-higgs-boson,,bit.ly/142RCzg
http://www.youtube.com/watch?v=R1RMV5qhwyE,www.curiousbooks.co.za/natsci/grade-08/02-matter-and-materials/chapter-01.html#gr8mm1e,bit.ly/132PzAj
https://www.youtube.com/watch?v=yQP4UJhNn0I,www.curiousbooks.co.za/natsci/grade-08/02-matter-and-materials/chapter-01.html#gr8mm1f,bit.ly/18d6vT4
http://www.youtube.com/watch?v=Q62UfP-ZADY,www.curiousbooks.co.za/natsci/grade-08/02-matter-and-materials/chapter-01.html#gr8mm1g,bit.ly/11OztaB
http://phet.colorado.edu/en/simulation/build-an-atom,www.curiousbooks.co.za/natsci/grade-08/02-matter-and-materials/chapter-01.html#gr8mm1h,bit.ly/14GFhHd
http://phet.colorado.edu/en/for-teachers/classroom-use,,bit.ly/14nA5RI
http://phet.colorado.edu/files/teachers-guide/build-an-atom-guide.pdf,,bit.ly/142dSct
http://www.youtube.com/watch?NR=1&v=UDj7BXA1CHU&feature=endscreen,www.curiousbooks.co.za/natsci/grade-08/02-matter-and-materials/chapter-02.html#gr8mm2a,bit.ly/13mAd4o
http://www.youtube.com/watch?v=KCL8zqjXbME,www.curiousbooks.co.za/natsci/grade-08/02-matter-and-materials/chapter-02.html#gr8mm2b,bit.ly/15frMav
http://www.youtube.com/watch?v=H7QsDs8ZRMI,www.curiousbooks.co.za/natsci/grade-08/02-matter-and-materials/chapter-02.html#gr8mm2c,bit.ly/13mAMvi
http://www.youtube.com/watch?v=vqDbMEdLiCs,www.curiousbooks.co.za/natsci/grade-08/02-matter-and-materials/chapter-02.html#gr8mm2d,bit.ly/19Q7VGZ
https://www.youtube.com/watch?v=ZMByI4s-D-Y,www.curiousbooks.co.za/natsci/grade-08/02-matter-and-materials/chapter-02.html#gr8mm2e,bit.ly/19e6zGs
http://phet.colorado.edu/en/simulation/density,www.curiousbooks.co.za/natsci/grade-08/02-matter-and-materials/chapter-02.html#gr8mm2j,bit.ly/142ixv5
http://phet.colorado.edu/files/teachers-guide/density-guide.pdf,,bit.ly/1csJiSt
http://www.youtube.com/watch?v=3OO23j5DfJM,www.curiousbooks.co.za/natsci/grade-08/02-matter-and-materials/chapter-02.html#gr8mm2f,bit.ly/14AyKxP
http://www.stevespanglerscience.com/experiment/light-ice-cube-heavy-water,,bit.ly/1cxOpA4
http://www.escapemotions.com/experiments/fluid_water_3/,www.curiousbooks.co.za/natsci/grade-08/02-matter-and-materials/chapter-02.html#gr8mm2g,bit.ly/15Ry2LR
http://www.youtube.com/watch?feature=player_embedded&v=-CDkJuo_LYs,www.curiousbooks.co.za/natsci/grade-08/02-matter-and-materials/chapter-02.html#gr8mm2h,bit.ly/14oGnEu
http://www.howstuffworks.com/pressure-gauge.htm,www.curiousbooks.co.za/natsci/grade-08/02-matter-and-materials/chapter-02.html#gr8mm2i,bit.ly/1cxNqjr
http://www.youtube.com/watch?v=X328AWaJXvI,www.curiousbooks.co.za/natsci/grade-08/02-matter-and-materials/chapter-03.html#gr8mm3a,bit.ly/17Hes0x
http://www.youtube.com/watch?feature=player_embedded&v=vyOnGA0cmp0,www.curiousbooks.co.za/natsci/grade-08/02-matter-and-materials/chapter-03.html#gr8mm3b,bit.ly/16EhqUE
http://phet.colorado.edu/en/simulation/reactants-products-and-leftovers,www.curiousbooks.co.za/natsci/grade-08/02-matter-and-materials/chapter-03.html#gr8mm3c,bit.ly/1662WAl
http://phet.colorado.edu/files/teachers-guide/reactants-products-and-leftovers-guide.pdf,,bit.ly/14AHLE9
http://youtu.be/4SosPuWAg7g,www.curiousbooks.co.za/natsci/grade-08/02-matter-and-materials/chapter-03.html#gr8mm3d,bit.ly/14AHSzG
http://whatsforsupper-juno.blogspot.com/2007/06/old-fashioned-home-made-ginger-beer.html,,bit.ly/13teuIj
http://www.youtube.com/watch?v=CW4hN0dYnkM,www.curiousbooks.co.za/natsci/grade-08/02-matter-and-materials/chapter-03.html#gr8mm3e,bit.ly/13caIrX
https://www.facebook.com/ScienceIsSeriouslyAwesome,www.curiousbooks.co.za/natsci/grade-08/02-matter-and-materials/chapter-03.html#gr8mm3f,bit.ly/19lME8C
http://io9.com/5815053/science-is-awesome,www.curiousbooks.co.za/natsci/grade-08/02-matter-and-materials/chapter-03.html#gr8mm3g,bit.ly/14AImFZ
http://portal.acs.org/portal/acs/corg/content?_nfpb=true&_pageLabel=PP_SUPERARTICLE&node_id=1188&use_sec=false&sec_url_var=region1&__uuid=964e0712-eaa0-4f2a-a03d-689d0a3cd62c,www.curiousbooks.co.za/natsci/grade-08/02-matter-and-materials/chapter-03.html#gr8mm3h,bit.ly/16Ei2tf
http://www.chemicool.com/,www.curiousbooks.co.za/natsci/grade-09/02-matter-and-materials/chapter-01.html#gr9mm1a,bit.ly/14nnga0
https://www.youtube.com/watch?v=zUDDiWtFtEM,www.curiousbooks.co.za/natsci/grade-09/02-matter-and-materials/chapter-01.html#gr9mm1b,bit.ly/18olBoT
http://www.youtube.com/watch?v=0KonBvfnzdo,,bit.ly/11YFtOe
http://www.youtube.com/watch?v=oqMN3y8k9So,www.curiousbooks.co.za/natsci/grade-09/02-matter-and-materials/chapter-01.html#gr9mm1d,bit.ly/1cH6ADx
http://phet.colorado.edu/en/simulation/build-a-molecule,www.curiousbooks.co.za/natsci/grade-09/02-matter-and-materials/chapter-01.html#gr9mm1c,bit.ly/14CQ4PO
http://phet.colorado.edu/files/teachers-guide/build-a-molecule-guide.pdf,,bit.ly/17iXzKG
http://myscienceacademy.org/2013/04/03/have-you-ever-seen-an-atom/,www.curiousbooks.co.za/natsci/grade-09/02-matter-and-materials/chapter-02.html#gr9mm2a,bit.ly/19YlOCU
http://www.youtube.com/watch?feature=player_embedded&v=oSCX78-8-q0,www.curiousbooks.co.za/natsci/grade-09/02-matter-and-materials/chapter-02.html#gr9mm2b,bit.ly/168BHFa
http://www.youtube.com/watch?v=xA4QWwaweWA,www.curiousbooks.co.za/natsci/grade-09/02-matter-and-materials/chapter-02.html#gr9mm2c,bit.ly/1cYU80s
http://phet.colorado.edu/en/simulation/balancing-chemical-equations,www.curiousbooks.co.za/natsci/grade-09/02-matter-and-materials/chapter-02.html#gr9mm2d,bit.ly/17ImOVN
http://www.youtube.com/watch?v=5MDH92VxPEQ&feature=youtu.be,www.curiousbooks.co.za/natsci/grade-09/02-matter-and-materials/chapter-03.html#gr9mm3a,bit.ly/1cYPyz7
http://www.youtube.com/watch?v=5UJTR-LA1z4,www.curiousbooks.co.za/natsci/grade-09/02-matter-and-materials/chapter-03.html#gr9mm3b,bit.ly/14nA93I
http://www.youtube.com/watch?v=dszSKIM5rqk,www.curiousbooks.co.za/natsci/grade-09/02-matter-and-materials/chapter-03.html#gr9mm3c,bit.ly/19n3u7c
http://www.youtube.com/watch?v=XMr4vse7Ybo&feature=youtu.be,www.curiousbooks.co.za/natsci/grade-09/02-matter-and-materials/chapter-03.html#gr9mm3d,bit.ly/168tsJx
http://www.youtube.com/watch?v=cn_Vom--b4A&feature=youtu.be,www.curiousbooks.co.za/natsci/grade-09/02-matter-and-materials/chapter-03.html#gr9mm3e,bit.ly/19YitDO
http://www.youtube.com/watch?v=FWNj-9vg4o0,www.curiousbooks.co.za/natsci/grade-09/02-matter-and-materials/chapter-03.html#gr9mm3f,bit.ly/17iQvh2
http://humantouchofchemistry.com/why-do-cut-apples-turn-brown.htm,,bit.ly/13unyg1
http://www.youtube.com/watch?v=Pt6Uac1-LVU,www.curiousbooks.co.za/natsci/grade-09/02-matter-and-materials/chapter-04.html#gr9mm4a,bit.ly/15tuqd1
http://www.youtube.com/watch?v=ENY6z2pj2pQ,www.curiousbooks.co.za/natsci/grade-09/02-matter-and-materials/chapter-04.html#gr9mm4b,bit.ly/14CAGmJ
http://www.boston.com/bigpicture/2010/12/kawah_ijen_by_night.html,www.curiousbooks.co.za/natsci/grade-09/02-matter-and-materials/chapter-04.html#gr9mm4c,bit.ly/1bofGSi
http://www.youtube.com/watch?v=m4_twEXWjgg,www.curiousbooks.co.za/natsci/grade-09/02-matter-and-materials/chapter-04.html#gr9mm4d,bit.ly/11YyPaD
http://www.youtube.com/watch?v=qOTgeeTB_kA,www.curiousbooks.co.za/natsci/grade-09/02-matter-and-materials/chapter-04.html#gr9mm4e,bit.ly/19n32pC
http://www.youtube.com/watch?v=6rdmpx39PRk&list=TL9v-bnL9DiLM,www.curiousbooks.co.za/natsci/grade-09/02-matter-and-materials/chapter-04.html#gr9mm4f,bit.ly/1bofMcI
http://www.bbc.co.uk/bitesize/ks3/science/chemical_material_behaviour/ph_experiment/activity/,www.curiousbooks.co.za/natsci/grade-09/02-matter-and-materials/chapter-05.html#gr9mm5a,bit.ly/13dHNnm
http://www.youtube.com/watch?v=PYYowXOEZZE&feature=c4-overview-vl&list=PL77ECE976316E5992,www.curiousbooks.co.za/natsci/grade-09/02-matter-and-materials/chapter-05.html#gr9mm5b,bit.ly/17IpPoQ
https://www.youtube.com/watch?v=J9zxjz0bctI,www.curiousbooks.co.za/natsci/grade-09/02-matter-and-materials/chapter-05.html#gr9mm5c,bit.ly/17iLBR8
http://www.youtube.com/watch?v=PdprNTwb4Ks,www.curiousbooks.co.za/natsci/grade-09/02-matter-and-materials/chapter-05.html#gr9mm5d,bit.ly/168rfO5
http://www.youtube.com/watch?v=NddZ5ftQb0Q&list=TL9v-bnL9DiLM,www.curiousbooks.co.za/natsci/grade-09/02-matter-and-materials/chapter-06.html#gr9mm6a,bit.ly/14COOMG
http://www.youtube.com/watch?v=VrZG_6TTnTo,www.curiousbooks.co.za/natsci/grade-09/02-matter-and-materials/chapter-06.html#gr9mm6b,bit.ly/19ncbyc
http://www.youtube.com/watch?v=5iJytHlZxIY,www.curiousbooks.co.za/natsci/grade-09/02-matter-and-materials/chapter-06.html#gr9mm6c,bit.ly/11YINsP
http://www.youtube.com/watch?v=CreO-rVrxT0,www.curiousbooks.co.za/natsci/grade-09/02-matter-and-materials/chapter-06.html#gr9mm6d,bit.ly/17IyN5N
http://www.youtube.com/watch?v=1PLH4H7Mjl8,www.curiousbooks.co.za/natsci/grade-09/02-matter-and-materials/chapter-07.html#gr9mm7a,bit.ly/14CyU4Q
http://www.bbc.co.uk/bitesize/ks3/science/chemical_material_behaviour/acids_bases_metals/activity/,www.curiousbooks.co.za/natsci/grade-09/02-matter-and-materials/chapter-07.html#gr9mm7b,bit.ly/1eDGii7
http://www.youtube.com/watch?v=WnPrtYUKke8,www.curiousbooks.co.za/natsci/grade-09/02-matter-and-materials/chapter-07.html#gr9mm7c,bit.ly/11YxBMO
http://www.acs.org/content/acs/en/careers/whatchemistsdo/careers.html,www.curiousbooks.co.za/natsci/grade-09/02-matter-and-materials/chapter-07.html#gr9mm7d,bit.ly/15tsQI0
http://www.youtube.com/watch?v=cxfTa_fSSC0&feature=youtu.be,www.curiousbooks.co.za/natsci/grade-09/02-matter-and-materials/chapter-07.html#gr9mm7e,bit.ly/14nxWFy
